Table S2. Ground truth and reconstructed lineage trees,,,
colony_id,n_cells,ground_truth,reconstruction
s1_c1_data,9,"((((1_2012212021:8,2_2112212021:8):38,(3_2112212021:4,4_2112212021:4):42):42,(5_0012212221:1,6_0012012221:1):87):46,((8_2120010021:22,9_2120010021:22):51,10_0112212221:74):62);","(((1_2012212021:46,(2_2112212021,3_2112212021,4_2112212021):46):42,(5_0012212221:1,6_0012012221:1):87):46,((8_2120010021,9_2120010021):73,10_0112212221:74):62);"
s10_c1_data,12,"(((1_1112212001:35,2_1112212001:35):47,(3_1112212001:30,4_1112212001:30):52):107,(((5_1102000001:23,6_2100012001:23):57,(7_1111111021:22,8_1111111021:22):58):65,((9_1111111121:22,10_1111111121:22):55,(11_1111111121:17,12_1111111121:17):60):68):44);","((1_1112212001,2_1112212001,3_1112212001,4_1112212001):189,(((5_1102000001:23,6_2100012001:23):57,(7_1111111021,8_1111111021):80):65,(9_1111111121,10_1111111121,11_1111111121,12_1111111121):145):44);"
s10_c2_data,19,"(((((1_1111211121:5,2_1111211121:5):47,(3_1112111121:10,4_1112111021:10):42):53,((5_0110212021:5,6_0110212021:5):52,(7_0110212111:14,8_0110212101:14):43):48):45,((9_1111111111:41,10_1111111111:41):54,(11_1111111121:41,12_1111111121:41):54):56):41,(((13_1111211021:27,14_1111211121:27):62,15_1111011001:89):62,((17_2110212011:40,18_2110111011:40):55,(19_1110011221:40,20_1120211221:40):55):56):41);","(((((1_1111211121,2_1111211121,14_1111211121):52,(3_1112111121:10,4_1112111021:10):42):53,((5_0110212021,6_0110212021):57,(7_0110212111:14,8_0110212101:14):43):48):45,((9_1111111111,10_1111111111):95,(11_1111111121,12_1111111121):95):56):41,((13_1111211021:89,15_1111011001:89):62,((17_2110212011:40,18_2110111011:40):55,(19_1110011221:40,20_1120211221:40):55):56):41);"
s10_c3_data,20,"(((((1_2112211021:18,2_2112211021:18):44,(3_2112211021:19,4_2112211021:19):43):66,((5_2112211021:7,6_2112211021:7):50,(7_2112211021:4,8_2112211021:4):53):71):50,(12_1111111111:136,((13_2110211111:30,14_2110211111:30):48,(15_2111211121:28,16_2111211121:28):50):58):42):33,(((17_0011011221:33,18_1111011221:33):41,(19_1112011221:29,20_1112011221:29):45):48,((21_1110111121:6,22_2100211221:6):68,23_2112210021:74):48):89);","(((1_2112211021,2_2112211021,3_2112211021,4_2112211021,5_2112211021,6_2112211021,7_2112211021,8_2112211021):178,(12_1111111111:136,((13_2110211111,14_2110211111):78,(15_2111211121,16_2111211121):78):58):42):33,(((17_0011011221:33,18_1111011221:33):41,(19_1112011221,20_1112011221):74):48,((21_1110111121:6,22_2100211221:6):68,23_2112210021:74):48):89);"
s10_c4_data,10,"(((1_2120211221:39,2_2120212221:39):49,(3_2110100021:44,4_2110100021:44):44):68,(((5_1110112221:4,6_1110112221:4):37,(7_1110111221:4,8_1110111221:4):37):48,(9_0111111221:39,10_1111111221:39):51):66);","(((1_2120211221:39,2_2120212221:39):49,(3_2110100021,4_2110100021):88):68,(((5_1110112221,6_1110112221):41,(7_1110111221,8_1110111221):41):48,(9_0111111221:39,10_1111111221:39):51):66);"
s10_c5_data,10,"(((1_2102111221:8,2_2102111221:8):42,(3_2102010221:10,4_2102010221:10):40):102,(((9_1112011121:3,10_1112011121:3):44,(11_1112010021:2,12_1112011021:2):45):48,(13_0210012201:42,14_0210012201:42):54):57);","(((1_2102111221,2_2102111221):50,(3_2102010221,4_2102010221):50):102,(((9_1112011121,10_1112011121):47,(11_1112010021:2,12_1112011021:2):45):48,(13_0210012201,14_0210012201):96):57);"
s11_c1_data,6,"((1_2202210001:61,2_2202000001:61):124,((3_2221012200:50,4_2221012221:50):69,(5_2100000012:48,6_2020000001:48):71):66);","((1_2202210001:61,2_2202000001:61):124,((3_2221012200:50,4_2221012221:50):69,(5_2100000012:48,6_2020000001:48):71):66);"
s12_c1_data,8,"(((1_0101001001:32,2_2101101000:32):54,(3_2100101000:33,4_2100101000:33):53):49,((5_1101201221:44,6_2101001000:44):42,(7_1111001001:46,8_1111001021:46):40):49);","(((1_0101001001:32,2_2101101000:32):54,(3_2100101000,4_2100101000):86):49,((5_1101201221:44,6_2101001000:44):42,(7_1111001001:46,8_1111001021:46):40):49);"
s12_c2_data,4,"((1_2102111000:15,2_2100111000:15):52,(3_2100101000:22,4_2100001000:22):45);","((1_2102111000:15,2_2100111000:15):52,(3_2100101000:22,4_2100001000:22):45);"
s12_c4_data,20,"((((1_0112211001:19,2_0102211001:19):42,(3_0122210001:20,4_0122211101:20):41):46,(7_2102211221:17,8_2002211221:17):90):104,(((9_2111111211:12,10_2111111111:12):110,((11_0122202200:25,12_0122211221:25):50,(13_0102211201:28,14_0102200201:28):47):47):46,(((15_2101101101:32,16_2121101101:32):44,(17_2101101221:33,18_2101101221:33):43):46,((19_2011210021:29,20_2101200021:29):49,(21_2111101001:27,22_2111101001:27):51):44):46):43);","((((1_0112211001:19,2_0102211001:19):42,(3_0122210001:20,4_0122211101:20):41):46,(7_2102211221:17,8_2002211221:17):90):104,(((9_2111111211:12,10_2111111111:12):110,((11_0122202200:25,12_0122211221:25):50,(13_0102211201:28,14_0102200201:28):47):47):46,(((15_2101101101:32,16_2121101101:32):44,(17_2101101221,18_2101101221):76):46,((19_2011210021:29,20_2101200021:29):49,(21_2111101001,22_2111101001):78):44):46):43);"
s13_c1_data,39,"(((((1_2110101001:41,2_2112111221:41):47,(3_2100101000:38,4_2102110021:38):50):49,((5_2112111221:28,6_2112111221:28):56,(7_1111001211:30,8_1111001211:30):54):53):48,(((9_2112111211:24,10_0112210011:24):50,12_2112101000:74):64,((13_2000100021:35,14_2000100021:35):48,(15_2100101021:30,16_2100101021:30):53):55):47):26,(((((17_2111101021:24,18_2111101021:24):34,(19_2111101011:24,20_2111101011:24):34):38,((21_2111101021:27,22_2110101021:27):32,(23_2111101001:24,24_2112111001:24):35):37):49,(((25_1101001020:23,26_1111001000:23):33,(27_2102111000:19,28_1112011011:19):37):41,((29_1111101021:18,30_2100101021:18):33,(31_1112211011:16,32_1112211011:16):35):46):48):43,(((33_1122111121:4,34_1112011201:4):40,(35_1111201221:10,36_2101101000:10):34):94,((43_2112111001:17,44_2112111001:17):34,(45_2112111001:18,46_2112111000:18):33):87):50):22);","((((1_2110101001:88,(3_2100101000:38,4_2102110021:38):50):49,((2_2112111221,5_2112111221,6_2112111221):84,(7_1111001211,8_1111001211):84):53):48,(((9_2112111211:24,10_0112210011:24):50,12_2112101000:74):64,((13_2000100021,14_2000100021):83,(15_2100101021,16_2100101021,30_2100101021):83):55):47):26,(((((17_2111101021,18_2111101021,21_2111101021):58,(19_2111101011,20_2111101011):58):38,(22_2110101021:59,23_2111101001:59):37):49,(((25_1101001020:23,26_1111001000:23):33,(27_2102111000:19,28_1112011011:19):37):41,(29_1111101021:51,(31_1112211011,32_1112211011):51):46):48):43,(((33_1122111121:4,34_1112011201:4):40,(35_1111201221:10,36_2101101000:10):34):94,((24_2112111001,43_2112111001,44_2112111001,45_2112111001):51,46_2112111000:51):87):50):22);"
s13_c2_data,18,"((((1_1110001221:39,2_1110001221:39):87,((3_2110101221:33,4_2120101221:33):44,(5_2112111221:34,6_2112111221:34):43):49):44,(((7_2111101201:37,8_2111101201:37):44,(9_2112111201:38,10_2112111201:38):43):44,((11_2112111221:35,12_2112111221:35):45,(13_1112111221:35,14_2112111221:35):45):45):45):41,((15_2110101021:19,16_2110101021:19):151,(17_2100101000:130,24_2100101000:130):40):41);","((((1_1110001221,2_1110001221):126,((3_2110101221:33,4_2120101221:33):44,(5_2112111221,6_2112111221,11_2112111221,12_2112111221,14_2112111221):77):49):44,(((7_2111101201,8_2111101201):81,(9_2112111201,10_2112111201):81):44,13_1112111221:125):45):41,((15_2110101021,16_2110101021):170,(17_2100101000,24_2100101000):170):41);"
s13_c3_data,9,"(((1_0102011000:31,2_2002111000:31):97,((5_2102111021:39,6_2102111021:39):44,(7_2100101000:34,8_2002110021:34):49):45):43,(9_2100101000:109,(11_2100101000:66,12_2100101000:66):43):63);","(((1_0102011000:31,2_2002111000:31):97,((5_2102111021,6_2102111021):83,8_2002110021:83):45):43,(7_2100101000,9_2100101000,11_2100101000,12_2100101000):172);"
s13_c4_data,19,"(((1_2102111000:136,(2_2100101000:11,3_2100101000:11):124):45,(((4_2121101121:4,5_2121101121:4):69,(6_2121101101:12,7_2121101101:12):61):57,((8_2211100221:12,13_2111101221:12):63,(15_2110101221:22,16_2111101221:22):53):55):50):31,(((17_2122111100:35,18_2122111100:35):43,(19_2122111100:24,20_2122111100:24):54):53,((21_0111001001:17,22_0111001001:17):59,(23_2101101001:21,24_0101001001:21):55):55):80);","(((1_2102111000:136,3_2100101000:135):45,((5_2121101121:73,7_2121101101:73):57,(8_2211100221:75,(15_2110101221:22,16_2111101221:22):53):55):50):31,(18_2122111100:131,(22_0111001001:76,(23_2101101001:21,24_0101001001:21):55):55):80);"
s14_c2_data,15,"(((2_1100001000:58,(3_1100010000:14,4_1100001000:14):44):48,((5_1102111000:18,6_2100111000:18):44,(7_1100101000:20,8_1100001000:20):42):44):48,(((9_2120100100:9,10_2220102101:9):39,(11_2220102200:10,12_2100101000:10):38):50,((13_2020100101:6,14_2020100101:6):48,(15_2020100101:17,16_2020100101:17):37):44):56);","(((3_1100010000:14,(2_1100001000,4_1100001000,8_1100001000):14):92,((5_1102111000:18,6_2100111000:18):44,7_1100101000:62):44):48,(((9_2120100100:9,10_2220102101:9):39,(11_2220102200:10,12_2100101000:10):38):50,(13_2020100101,14_2020100101,15_2020100101,16_2020100101):98):56);"
s14_c3_data,9,"(((1_2120101121:18,2_2120101121:18):91,((5_2110101210:22,6_2100101210:22):38,(7_2100101200:17,8_2100101200:17):43):49):56,((9_2100101000:9,10_2102111000:9):102,12_2100101000:112):54);","(((1_2120101121,2_2120101121):109,((5_2110101210:22,6_2100101210:22):38,(7_2100101200,8_2100101200):60):49):56,(10_2102111000:111,(9_2100101000,12_2100101000):112):54);"
s14_c4_data,7,"((1_2110101021:84,(2_2112111021:31,3_2112111021:31):53):47,((4_2112111000:23,5_2102111000:23):63,(6_2102111000:30,7_2102111000:30):56):45);","((1_2110101021:84,(2_2112111021,3_2112111021):84):47,(4_2112111000:86,(5_2102111000,6_2102111000,7_2102111000):86):45);"
s14_c5_data,25,"((((1_2100101000:17,2_2100101000:17):41,(3_2100101000:15,4_2101101000:15):43):122,((((5_2100121000:18,6_2100121000:18):34,(7_2100121000:15,8_2000120000:15):37):46,((9_2122211121:8,10_2122111121:8):44,(11_2122111021:12,12_2112112021:12):40):46):44,((13_0112211200:59,(14_0112011200:14,15_0112011200:14):45):48,((16_2100111000:10,17_2100101000:10):52,19_2100101000:62):45):35):38):30,(((20_0112211200:18,21_0111011000:18):48,(22_2121101100:15,23_2121101100:15):51):112,((24_2110101000:15,25_2110101000:15):52,26_2210100001:67):111):33);","((((1_2100101000,2_2100101000,3_2100101000,17_2100101000,19_2100101000):58,4_2101101000:58):122,((((5_2100121000,6_2100121000,7_2100121000):52,8_2000120000:52):46,((9_2122211121:8,10_2122111121:8):44,(11_2122111021:12,12_2112112021:12):40):46):44,((14_0112011200,15_0112011200):107,16_2100111000:107):35):38):30,((((13_0112211200,20_0112211200):18,21_0111011000:18):48,(22_2121101100,23_2121101100):66):112,((24_2110101000,25_2110101000):67,26_2210100001:67):111):33);"
s14_c6_data,11,"((((1_2100101100:4,2_1101021101:4):39,3_2121121101:44):55,(4_0001200201:37,(5_1110001201:1,6_1110001201:1):35):62):56,(((7_2102211221:8,8_2112111221:8):36,(9_2102111221:12,10_2102111221:12):32):50,14_2100101000:94):60);","((((1_2100101100:4,2_1101021101:4):39,3_2121121101:44):55,(4_0001200201:37,(5_1110001201,6_1110001201):36):62):56,(((7_2102211221:8,8_2112111221:8):36,(9_2102111221,10_2102111221):44):50,14_2100101000:94):60);"
s15_c1_data,13,"(((2_2102111000:87,(3_2100101000:30,4_0100001000:30):57):56,((5_0122011101:36,6_0112011201:36):56,(7_0122011101:39,8_0112011201:39):53):51):45,(((9_1212210021:23,10_0112011021:23):56,(11_2212110021:28,12_2212110021:28):51):53,(13_0110201021:25,14_0110201021:25):107):56);","(((2_2102111000:87,(3_2100101000:30,4_0100001000:30):57):56,((5_0122011101,7_0122011101):39,(6_0112011201,8_0112011201):39):104):45,(((9_1212210021:23,10_0112011021:23):56,(11_2212110021,12_2212110021):79):53,(13_0110201021,14_0110201021):132):56);"
s15_c2_data,19,"((((1_1111001011:41,2_1111101001:41):65,(3_2111101221:45,4_2112111201:45):61):60,(((5_1101001221:4,6_1111001001:4):51,(7_2111101221:2,8_2111101201:2):53):54,((9_2222112101:8,10_2222112101:8):52,(11_2212110000:6,12_2202110000:6):54):49):56):41,((13_2110101001:79,(14_0110201001:16,15_0110201001:16):62):78,((16_2100101000:28,17_1111001001:28):59,(18_2112111000:27,19_2100101000:27):60):69):51);","((((1_1111001011:41,2_1111101001:41):65,4_2112111201:106):60,((5_1101001221:55,((3_2111101221,7_2111101221):2,8_2111101201:2):53):54,((9_2222112101,10_2222112101):60,(11_2212110000:6,12_2202110000:6):54):49):56):41,((13_2110101001:79,(14_0110201001,15_0110201001):78):78,((6_1111001001,17_1111001001):87,(18_2112111000:27,(16_2100101000,19_2100101000):27):60):69):51);"
s15_c3_data,5,"(((1_2102111000:49,2_1102211000:49):45,(3_1122211100:46,4_1102111200:46):48):46,8_1122211101:140);","(((1_2102111000:49,2_1102211000:49):45,(3_1122211100:46,4_1102111200:46):48):46,8_1122211101:140);"
s15_c4_data,14,"(((1_2001120012:11,2_2001120012:11):112,((4_2100121100:9,5_2120121100:9):48,(6_2120121100:15,7_2120121100:15):42):66):56,(((8_0122011121:20,9_2102111000:20):44,(10_2122111221:21,11_2122111221:21):43):58,((12_2102111221:24,13_2102111221:24):48,(14_2112111221:22,15_2102112221:22):50):50):57);","(((1_2001120012,2_2001120012):123,(4_2100121100:57,(5_2120121100,6_2120121100,7_2120121100):57):66):56,(((8_0122011121:20,9_2102111000:20):44,(10_2122111221,11_2122111221):64):58,((12_2102111221,13_2102111221):72,(14_2112111221:22,15_2102112221:22):50):50):57);"
s15_c5_data,10,"((3_0102011000:22,4_2102101000:22):121,(((5_2100111200:7,6_2102111201:7):40,(7_2102111201:13,8_2102111201:13):34):47,((9_2112111201:13,10_2112111201:13):34,(11_2112111001:13,12_2112111001:13):34):47):48);","((3_0102011000:22,4_2102101000:22):121,((5_2100111200:47,(6_2102111201,7_2102111201,8_2102111201):47):47,((9_2112111201,10_2112111201):47,(11_2112111001,12_2112111001):47):47):48);"
s15_c6_data,12,"((((4_0201000021:16,5_0201000021:16):42,(6_0201000021:13,7_0201000021:13):45):44,(8_0100001012:53,9_0100001012:53):50):60,(((10_0102111000:6,11_0121201121:6):46,(12_0121201121:13,13_0121201121:13):39):53,(14_0100001000:13,15_0100001000:13):92):57);","(((4_0201000021,5_0201000021,6_0201000021,7_0201000021):102,(8_0100001012,9_0100001012):103):60,((10_0102111000:52,(11_0121201121,12_0121201121,13_0121201121):52):53,(14_0100001000,15_0100001000):105):57);"
s15_c7_data,29,"(((((1_1111101001:20,2_1111001011:20):47,(3_1111001011:13,4_1111001011:13):54):51,((5_1111101000:22,6_1111001011:22):39,(7_1111101011:15,8_1111001011:15):46):57):43,(((9_1111001011:9,10_1111001000:9):54,(11_1111101001:14,12_1111001011:14):49):46,(14_1111001001:63,(15_1101001000:22,16_2100101000:22):41):46):52):50,((17_1110001011:124,((18_1101001211:31,19_1111001011:31):49,(20_1111001200:38,21_1111001200:38):42):42):48,((((22_1111001211:1,23_1111001211:1):42,24_1111001211:44):39,(25_2101101000:39,26_1111001211:39):44):46,((27_1111001011:42,28_2100001000:42):41,(29_2100001000:36,30_1111001011:36):47):46):41):41);","((((5_1111101000:22,(2_1111001011,3_1111001011,4_1111001011,6_1111001011,8_1111001011,9_1111001011,12_1111001011,19_1111001011,27_1111001011,30_1111001011):22):39,7_1111101011:61):100,((10_1111001000:63,1(1_1111101001,11_1111101001):63):46,(14_1111001001:63,(15_1101001000:22,16_2100101000:22):41):46):52):50,((17_1110001011:124,(18_1101001211:80,(20_1111001200,21_1111001200):80):42):48,((25_2101101000:39,(22_1111001211,23_1111001211,24_1111001211,26_1111001211):39):90,(28_2100001000,29_2100001000):129):41):41);"
s15_c8_data,20,"(((((1_2122111121:0,2_2122111121:0):49,(3_2102111201:9,4_2122111121:9):40):44,((5_2112111201:0,6_2112111201:0):43,(7_2112111201:2,8_2112111201:2):41):50):54,((9_2112211221:49,(10_2112111221:0,11_2112111221:0):48):46,(12_2112111201:44,13_2112111201:44):51):53):50,(((14_1110001221:7,15_1110001221:7):40,(16_1110001201:7,17_1100001001:7):40):49,((18_1112111221:3,19_2102111000:3):44,20_1112011221:48):49):101);","(((((1_2122111121,2_2122111121,4_2122111121):49,3_2102111201:49):44,(5_2112111201,6_2112111201,7_2112111201,8_2112111201,12_2112111201,13_2112111201):93):54,(9_2112211221:49,(10_2112111221,11_2112111221):48):99):50,(((14_1110001221,15_1110001221):47,(16_1110001201:7,17_1100001001:7):40):49,((18_1112111221:3,19_2102111000:3):44,20_1112011221:48):49):101);"
s16_c1_data,21,"((1_2100101000:164,(((6_1111101020:9,7_1111001021:9):52,(8_1101001000:10,9_2101111000:10):51):48,((10_1112111002:0,11_2100001000:0):51,(12_1112011001:2,13_2102111000:2):49):58):54):46,((((14_1212011021:16,15_1211101021:16):52,16_2100101000:69):52,((17_0112211021:13,18_0112011021:13):54,(19_2100101221:20,20_1100201221:20):47):53):48,(21_1111001011:110,((23_1111001000:7,24_1111101011:7):43,(25_1111001011:6,26_1111001011:6):44):59):59):41);","((((6_1111101020:9,7_1111001021:9):52,(8_1101001000:10,9_2101111000:10):51):48,((10_1112111002:0,11_2100001000:0):51,(12_1112011001:2,13_2102111000:2):49):58):100,((((14_1212011021:16,15_1211101021:16):52,(1_2100101000,16_2100101000):69):52,((17_0112211021:13,18_0112011021:13):54,(19_2100101221:20,20_1100201221:20):47):53):48,((23_1111001000:7,24_1111101011:7):43,(21_1111001011,25_1111001011,26_1111001011):50):118):41);"
s16_c2_data,6,"(1_2100101000:148,((5_2102111021:45,6_2112111021:45):50,(7_2212110021:45,(8_2212110021:0,9_2212110021:0):44):50):53);","(1_2100101000:148,((5_2102111021:45,6_2112111021:45):50,(7_2212110021,8_2212110021,9_2212110021):94):53);"
s16_c3_data,7,"(((1_2100101000:18,2_2100101000:18):124,(3_1101001100:38,4_2100101000:38):104):60,(10_0102011000:58,(11_1112011021:18,12_1112011021:18):40):142);","((3_1101001100:38,(1_2100101000,2_2100101000,4_2100101000):38):164,(10_0102011000:58,(11_1112011021,12_1112011021):58):142);"
s16_c4_data,9,"((1_2100101000:122,((3_2120101100:13,4_2120101100:13):50,(5_2120101120:12,6_2120101121:12):51):58):51,((7_0001200200:21,8_0001200200:21):44,(9_0011200200:20,10_0011200200:20):45):107);","((1_2100101000:122,((3_2120101100,4_2120101100):63,(5_2120101120:12,6_2120101121:12):51):58):51,((7_0001200200,8_0001200200):65,(9_0011200200,10_0011200200):65):107);"
s16_c5_data,10,"(((1_0220002121:13,2_0220002121:13):54,(3_0220002121:2,4_0220002121:2):65):108,((5_2100101000:60,6_2100101000:60):62,((7_0102211221:3,8_0102211220:3):46,(9_0122211121:4,10_0122211121:4):45):72):54);","((1_0220002121,2_0220002121,3_0220002121,4_0220002121):175,((5_2100101000,6_2100101000):122,((7_0102211221:3,8_0102211220:3):46,(9_0122211121,10_0122211121):49):72):54);"
s16_c6_data,20,"((((1_2100101000:38,3_2100101000:38):43,(6_2100101000:37,7_2100101000:38):44):55,(((8_0002010221:2,9_0002010221:2):38,10_0002010221:41):46,((11_0002010220:4,12_0102010221:4):35,(13_0002010221:2,14_0002010221:2):37):47):50):51,(((15_0012012201:34,16_0012012201:34):45,(17_0012012201:37,18_0112011201:36):42):56,((20_0022012101:12,21_0022012101:12):74,((22_0012012201:7,23_0012012201:7):32,24_0012012201:39):46):49):53);","(((1_2100101000,3_2100101000,6_2100101000,7_2100101000):136,((8_0002010221,9_0002010221,10_0002010221,13_0002010221,14_0002010221):86,(11_0002010220:4,12_0102010221:4):82):50):51,(((15_0012012201,16_0012012201,17_0012012201,22_0012012201,23_0012012201,24_0012012201):79,18_0112011201:78):56,(20_0022012101,21_0022012101):135):53);"
s16_c7_data,9,"((((1_2101101201:42,2_0121201121:42):64,(3_2102111000:43,4_2102101000:43):63):64,((5_2100111000:48,6_0100001000:48):54,(7_2100101001:41,8_2100101001:41):61):68):42,9_0200000021:212);","((((1_2101101201:42,2_0121201121:42):64,(3_2102111000:43,4_2102101000:43):63):64,((5_2100111000:48,6_0100001000:48):54,(8_2100101001,9_2100101001):102):68):42,9_0200000021:212);"
s16_c8_data,11,"((((1_2102111221:16,2_2102111211:16):46,(3_2102111011:19,4_2102111011:19):43):56,((5_1110001221:10,6_1110001221:10):47,(7_1111201221:1,8_1111201221:1):56):61):56,(9_1122011111:61,(10_1122011111:15,11_1122011111:15):45):114);","((((1_2102111221:16,2_2102111211:16):46,(3_2102111011,4_2102111011):62):56,((5_1110001221,6_1110001221):57,(7_1111201221,8_1111201221):57):61):56,(9_1122011111,10_1122011111,11_1122011111):174);"
s17_c1_data,20,"((((1_2101001000:34,2_1111001000:34):90,((3_2102101000:26,4_2111101021:26):53,(5_1112011020:32,6_2102111221:32):47):45):42,(((7_1102211001:22,8_1112211200:22):54,9_0102211000:76):43,((10_1101001201:16,11_1111001201:16):59,(12_2100101020:26,13_2011102221:26):49):44):47):45,((14_1100001000:100,(15_1112011021:48,16_0102011021:48):52):67,((17_2102111000:43,18_1111001010:43):67,(19_1110201021:46,20_1102011221:46):64):57):45);","((((1_2101001000:34,2_1111001000:34):90,((3_2102101000:26,4_2111101021:26):53,(5_1112011020:32,6_2102111221:32):47):45):42,(((7_1102211001:22,8_1112211200:22):54,9_0102211000:76):43,((10_1101001201:16,11_1111001201:16):59,(12_2100101020:26,13_2011102221:26):49):44):47):45,((14_1100001000:100,(15_1112011021:48,16_0102011021:48):52):67,((17_2102111000:43,18_1111001010:43):67,(19_1110201021:46,20_1102011221:46):64):57):45);"
s18_c1_data,15,"((((1_0111001211:21,2_0111001211:21):59,(3_0112011000:6,4_2102011000:6):74):58,((5_1111001201:16,6_1111001201:16):63,(7_1111001201:15,8_1111001201:15):64):59):50,(((9_1110201001:25,10_1111201001:25):54,(11_0112211001:30,12_0101201001:30):49):51,(14_1110001211:82,(15_0111001211:34,16_2100101000:34):48):48):58);","((((1_0111001211,2_0111001211,15_0111001211):80,(3_0112011000:6,4_2102011000:6):74):58,(5_1111001201,6_1111001201,7_1111001201,8_1111001201):138):50,(((9_1110201001:25,10_1111201001:25):54,(11_0112211001:30,12_0101201001:30):49):51,(14_1110001211:82,16_2100101000:82):48):58);"
s18_c2_data,21,"((((1_2112111221:19,2_2112111221:19):55,(3_2102111000:15,4_2102111221:15):59):101,(((5_0102011000:30,6_0112011011:30):52,(7_2102111200:35,8_2102111221:35):47):48,((9_2122111111:37,10_2102111211:37):47,(11_2102111000:40,12_2112111211:40):44):46):45):36,(((13_1000002221:75,(14_1000000221:24,15_1000000221:24):50):48,(16_1000000021:9,17_1100000021:9):113):50,((18_1100001000:30,19_2100101000:30):42,(20_1110001211:34,21_1110001211:34):38):100):39);","(((1_2112111221,2_2112111221):175,(((5_0102011000:30,6_0112011011:30):52,(7_2102111200:35,(4_2102111221,8_2102111221):35):47):48,((9_2122111111:37,10_2102111211:37):47,((3_2102111000,11_2102111000):40,12_2112111211:40):44):46):45):36,(((13_1000002221:75,(14_1000000221,15_1000000221):74):48,(16_1000000021:9,17_1100000021:9):113):50,((18_1100001000:30,19_2100101000:30):42,(20_1110001211,21_1110001211):72):100):39);"
s19_c1_data,12,"((((1_0100000022:43,2_0000000022:43):50,(3_0000001022:42,4_0000000022:42):51):43,((5_0100000222:32,6_0000000222:32):57,(7_0000000222:33,8_0000000222:33):56):47):46,((9_1101001011:12,10_1111001011:12):42,(11_1111101011:9,12_1111001011:9):45):128);","(((1_0100000022:93,(3_0000001022:42,(2_0000000022,4_0000000022):42):51):43,(5_0100000222:89,(6_0000000222,7_0000000222,8_0000000222):89):47):46,(9_1101001011:54,(11_1111101011:9,(10_1111001011,12_1111001011):9):45):128);"
s19_c2_data,15,"(2_2120101101:202,((((4_2020102101:19,5_2020102101:19):40,(6_2120102101:21,7_2020102101:21):38):42,((8_2020102101:17,9_2020102101:17):37,(10_2020102101:9,11_2020102101:9):45):47):44,((13_2120101100:11,14_2100101000:11):86,((15_0100201001:8,16_0100201001:8):45,(17_0100201001:13,18_0100201001:13):40):44):48):56);","(2_2120101101:202,((6_2120102101:101,(4_2020102101,5_2020102101,7_2020102101,8_2020102101,9_2020102101,10_2020102101,11_2020102101):101):44,((13_2120101100:11,14_2100101000:11):86,(15_0100201001,16_0100201001,17_0100201001,18_0100201001):97):48):56);"
s19_c3_data,7,"(2_1111101001:194,((3_0111001221:88,(5_2111101011:38,6_1111001011:38):50):56,((7_1112201201:35,8_1111101000:35):52,9_1101001001:87):57):49);","(2_1111101001:194,((3_0111001221:88,(5_2111101011:38,6_1111001011:38):50):56,((7_1112201201:35,8_1111101000:35):52,9_1101001001:87):57):49);"
s19_c4_data,14,"((((1_2111101000:36,2_2100101000:36):47,(3_1111101001:24,4_2102011000:24):59):49,((5_2100101000:25,6_2100101000:25):48,(7_2100101000:23,8_1101101001:23):50):59):47,((9_1101001000:25,10_1111101001:25):105,((13_2111101000:39,14_2100101000:39):42,(15_1111001001:35,16_1111001011:35):46):49):49);","((4_2102011000:132,((2_2100101000,5_2100101000,6_2100101000,7_2100101000,14_2100101000):73,8_1101101001:73):59):47,((9_1101001000:25,(3_1111101001,10_1111101001):25):105,((1_2111101000,13_2111101000):81,(15_1111001001:35,16_1111001011:35):46):49):49);"
s2_c1_data,34,"((((((1_1111011221:16,3_1111011201:16):46,6_1111011221:62):47,((7_1110111221:13,8_1110111221:13):45,(9_1110111121:11,10_1110111121:11):47):51):51,(11_1112111111:99,(12_1111111211:54,(13_1111111211:10,14_1111111211:10):44):45):61):39,(((15_1111111111:12,16_1111111111:12):85,(18_1112111121:7,19_1112111121:7):90):56,(((20_0111211001:7,21_0111211001:7):37,(22_1111111101:4,26_1110111021:4):40):49,((27_1110212021:8,29_1110212021:8):42,(30_2222210021:4,31_2222110000:4):46):43):60):46):11,(((32_1112111021:40,35_1102111200:39):49,(36_1100000000:2,39_1100100000:2):86):55,(((40_1110111221:2,41_1110111221:2):40,42_1110111221:43):48,((43_1110111221:3,44_1110111221:3):43,(45_1110111221:1,46_1100111221:1):45):44):53):67);","(((((3_1111011201:62,6_1111011221:62):47,10_1110111121:109):51,(11_1112111111:99,13_1111111211:99):61):39,((16_1111111111:97,19_1112111121:97):56,((21_0111211001:44,(22_1111111101:4,26_1110111021:4):40):49,(29_1110212021:50,(30_2222210021:4,31_2222110000:4):46):43):60):46):11,(((32_1112111021:40,35_1102111200:39):49,(36_1100000000:2,39_1100100000:2):86):55,(45_1110111221:1,46_1100111221:1):142):67);"
s2_c10_data,12,"(((((1_0220010221:6,2_0220010221:6):43,(3_0220010221:8,4_0220010221:8):41):44,(5_0020010221:5,6_0020010221:5):88):49,((9_0100000020:38,10_0100000020:38):53,11_0100000020:92):52):46,(13_2122110000:85,(14_2122112200:36,15_2122112200:36):49):104);","((((1_0220010221,2_0220010221,3_0220010221,4_0220010221):93,(5_0020010221,6_0020010221):93):49,(9_0100000020,10_0100000020,11_0100000020):143):46,(13_2122110000:85,(14_2122112200,15_2122112200):85):104);"
s2_c2_data,13,"((((1_1112210221:33,2_1112210221:33):48,(3_1102210221:28,4_2112210221:28):53):50,(7_1000000221:31,8_1000000221:31):100):51,(((9_2122011221:35,10_2122011221:35):43,(11_2022011221:29,12_2122011221:29):49):50,(13_2122011221:64,(15_2100111221:18,16_2100111221:18):46):64):54);","((((1_1112210221,2_1112210221):81,(3_1102210221:28,4_2112210221:28):53):50,(7_1000000221,8_1000000221):131):51,(((9_2122011221,10_2122011221,12_2122011221,13_2122011221):78,11_2022011221:78):50,(15_2100111221,16_2100111221):128):54);"
s2_c4_data,10,"(((1_2122212001:33,2_2122211221:33):55,4_2122210001:88):113,((5_2111212021:88,(7_2112211021:23,8_2112211021:23):65):58,((9_2112211001:47,10_2112111001:47):48,(11_2111112021:48,13_2111211021:47):47):51):55);","(((1_2122212001:33,2_2122211221:33):55,4_2122210001:88):113,((5_2111212021:88,(7_2112211021,8_2112211021):88):58,((9_2112211001:47,10_2112111001:47):48,(11_2111112021:48,13_2111211021:47):47):51):55);"
s2_c5_data,9,"((((1_2111211221:13,2_2111211221:13):46,4_1112001001:59):80,(5_0112011221:69,7_2112112221:68):71):52,((10_2111012221:34,11_2111011221:34):54,(12_2111212221:32,13_2211212221:32):56):103);","((((1_2111211221,2_2111211221):59,4_1112001001:59):80,(5_0112011221:69,7_2112112221:68):71):52,((10_2111012221:34,11_2111011221:34):54,(12_2111212221:32,13_2211212221:32):56):103);"
s2_c6_data,26,"((4_1111211221:198,(((6_0112110211:5,7_0112110211:5):43,(8_0110111211:6,9_0110111211:6):42):47,(10_0111011221:45,11_0110011221:45):51):102):13,(((((17_0000111111:31,18_0000111111:31):44,(19_0000111111:31,20_0000111111:31):44):35,(21_0000111111:62,(22_0000111121:14,23_0000111121:14):48):48):38,((24_0000211121:13,25_0000211121:13):41,(26_0000111121:17,27_0100111121:17):37):94):38,((28_2111211111:26,29_1111211101:27):118,((30_1112211200:45,31_1112211221:45):54,((32_0112111221:6,33_0112110221:6):41,(34_2112111221:7,35_2112111201:7):40):51):46):42):24);","((4_1111211221:198,(((6_0112110211,7_0112110211):48,(8_0110111211,9_0110111211):48):47,(10_0111011221:45,11_0110011221:45):51):102):13,((((17_0000111111,18_0000111111,19_0000111111,20_0000111111,21_0000111111):110,(22_0000111121,23_0000111121,26_0000111121):110):38,((24_0000211121,25_0000211121):54,27_0100111121:54):94):38,((28_2111211111:26,29_1111211101:27):118,((30_1112211200:45,31_1112211221:45):54,((32_0112111221:6,33_0112110221:6):41,(34_2112111221:7,35_2112111201:7):40):51):46):42):24);"
s2_c8_data,11,"(((1_2111111101:50,(2_1112211101:3,3_0111211101:3):46):55,((4_0111211221:1,5_0111211221:1):55,(6_0000100021:10,7_0000100021:10):46):48):46,((12_2022111221:10,13_2002111221:10):54,(14_0110111221:8,15_0120111221:8):56):86);","(((1_2111111101:50,(2_1112211101:3,3_0111211101:3):46):55,((4_0111211221,5_0111211221):56,(6_0000100021,7_0000100021):56):48):46,((12_2022111221:10,13_2002111221:10):54,(14_0110111221:8,15_0120111221:8):56):86);"
s2_c9_data,13,"(((8_0112210201:50,(9_0112211201:13,10_0112211201:13):37):39,((11_0102211221:6,12_0112211201:6):44,13_0112211201:50):39):40,((15_1000111221:49,(17_1000111221:10,18_1000111221:10):39):39,((19_1112111221:12,20_1112111221:12):37,(21_1112111221:14,22_1112111221:14):35):39):41);","(((8_0112210201:50,(9_0112211201,10_0112211201,12_0112211201,13_0112211201):50):39,11_0102211221:89):40,((15_1000111221,17_1000111221,18_1000111221):88,(19_1112111221,20_1112111221,21_1112111221,22_1112111221):88):41);"
s20_c1_data,9,"((((1_1110002211:5,2_1110001211:5):35,(3_1110001211:5,4_2102101000:5):35):37,7_1111001201:78):32,((8_1110201201:25,9_1110201201:25):42,(10_1110001201:30,11_2100101001:30):37):43);","(((1_1110002211:40,((2_1110001211,3_1110001211):5,4_2102101000:5):35):37,7_1111001201:78):32,((8_1110201201,9_1110201201):67,(10_1110001201:30,11_2100101001:30):37):43);"
s20_c2_data,19,"(((1_1111001011:108,((3_1111001011:3,4_1111001011:3):52,5_1111001011:56):52):46,(((6_1111101011:8,7_1111011011:8):51,(8_1111101011:6,9_1111001011:6):53):48,(11_1111001011:59,(12_1111001011:14,13_1111001011:14):45):48):46):42,(((14_1112011011:35,15_1111101011:35):49,(16_1111001011:38,17_1111001011:38):46):56,((18_1111001011:36,19_1111101011:36):52,(20_2101101001:40,21_1111001011:40):48):52):56);","(((1_1111001011,3_1111001011,4_1111001011,5_1111001011,9_1111001011,11_1111001011,12_1111001011,13_1111001011,16_1111001011,17_1111001011,18_1111001011,21_1111001011):154,(7_1111011011:59,(6_1111101011,8_1111101011,15_1111101011,19_1111101011):59):94):42,(14_1112011011:140,20_2101101001:140):56);"
s20_c3_data,8,"(((1_2100101000:14,2_0100001000:14):69,(3_2102111000:22,4_2100101020:22):61):52,((5_2112111201:31,6_1112011201:31):54,(7_2122111221:33,8_2112111221:33):52):50);","(((1_2100101000:14,2_0100001000:14):69,(3_2102111000:22,4_2100101020:22):61):52,((5_2112111201:31,6_1112011201:31):54,(7_2122111221:33,8_2112111221:33):52):50);"
s20_c5_data,14,"((1_2000100000:187,(((2_2202112221:38,3_2202112221:38):50,4_2202112221:88):54,(5_0122211221:85,6_2122111221:85):58):44):25,((7_0102212101:142,((8_2112111221:34,9_2102111200:34):51,10_2212111221:86):56):42,((11_0122011221:24,12_0112011221:24):60,(13_0110001201:23,14_0110001201:23):61):99):28);","((1_2000100000:187,((2_2202112221,3_2202112221,4_2202112221):142,(5_0122211221:85,6_2122111221:85):58):44):25,((7_0102212101:142,((8_2112111221:34,9_2102111200:34):51,10_2212111221:86):56):42,((11_0122011221:24,12_0112011221:24):60,(13_0110001201,14_0110001201):84):99):28);"
s20_c6_data,12,"((((1_0222010100:14,2_0122011100:14):44,(3_0112211200:5,4_0112011200:5):53):107,((8_2101101001:49,9_2111101011:49):61,(10_1111101011:58,11_1111201001:58):52):56):45,((12_1222010102:39,13_1202010002:39):127,(16_0112011200:124,19_2112111221:124):42):44);","((((1_0222010100:14,2_0122011100:14):44,3_0112211200:58):107,((8_2101101001:49,9_2111101011:49):61,(10_1111101011:58,11_1111201001:58):52):56):45,((12_1222010102:39,13_1202010002:39):127,((4_0112011200,16_0112011200):124,19_2112111221:124):42):44);"
s21_c1_data,13,"((((1_0000000021:34,2_0000000021:34):60,(3_0000000021:43,4_0000000021:43):51):58,(5_2100101000:84,(7_2100101001:31,8_2100001001:31):53):68):43,(((9_2100101000:38,10_2100101000:38):45,(11_0100001000:31,12_2100101000:31):52):71,(13_2100101000:14,14_0100001000:14):140):41);","(((1_0000000021,2_0000000021,3_0000000021,4_0000000021):152,(7_2100101001:31,8_2100001001:31):121):43,((5_2100101000,9_2100101000,10_2100101000,12_2100101000,13_2100101000):154,(11_0100001000,14_0100001000):154):41);"
s21_c3_data,11,"((3_1111001001:138,(5_2112111011:84,(7_1111101011:32,8_1111001011:32):52):54):48,(((9_2112111211:29,10_1111001001:29):67,(11_0112011012:24,12_1112011012:24):72):51,((13_1111201001:36,14_1122111121:36):60,16_2100101000:96):51):39);","((5_2112111011:84,(7_1111101011:32,8_1111001011:32):52):102,(((9_2112111211:29,(3_1111001001,10_1111001001):29):67,(11_0112011012:24,12_1112011012:24):72):51,((13_1111201001:36,14_1122111121:36):60,16_2100101000:96):51):39);"
s21_c4_data,32,"(((((1_2110101021:16,2_2110101021:16):43,(3_2110101021:17,4_2110101021:17):42):46,((5_2100101221:22,6_2100101221:22):39,(7_2100101221:20,8_2100101221:20):41):44):48,(((9_0112011012:16,10_0112011012:16):40,(11_0112011012:14,12_0112011012:14):42):49,((13_0112011012:8,14_0112011012:8):44,(15_0112011012:10,16_0112011012:10):42):53):48):45,((((17_2121101100:14,18_2111101201:14):40,(19_0111001221:13,20_0111001221:13):41):47,((21_0122211121:5,22_0122211121:5):48,(23_2212112221:0,24_2212112221:0):53):48):51,(((25_2100101000:21,26_2112111211:21):42,(27_2112111211:15,28_2112111211:15):48):45,((29_0122211221:22,30_0122211111:22):43,(31_1121101111:18,32_1121001111:18):47):43):44):46);","((((1_2110101021,2_2110101021,3_2110101021,4_2110101021):105,(5_2100101221,6_2100101221,7_2100101221,8_2100101221):105):48,(9_0112011012,10_0112011012,11_0112011012,12_0112011012,13_0112011012,14_0112011012,15_0112011012,16_0112011012):153):45,((((17_2121101100:14,18_2111101201:14):40,(19_0111001221,20_0111001221):54):47,((21_0122211121,22_0122211121):53,(23_2212112221,24_2212112221):53):48):51,((25_2100101000:63,(26_2112111211,27_2112111211,28_2112111211):63):45,((29_0122211221:22,30_0122211111:22):43,(31_1121101111:18,32_1121001111:18):47):43):44):46);"
s21_c5_data,13,"(((1_2111101221:44,2_1112211000:44):101,((3_0110101001:50,4_1110001021:50):52,5_2100101000:101):43):50,((((7_1111001201:24,8_1111001221:24):40,(9_1111001221:25,10_1111001221:25):39):46,(11_2112111221:71,(13_1111001221:26,14_1111001201:26):45):39):45,22_2100101000:155):39);","(((1_2111101221:44,2_1112211000:44):101,(3_0110101001:50,4_1110001021:50):95):50,(((8_1111001221,9_1111001221,10_1111001221,13_1111001221):110,(11_2112111221:71,(7_1111001201,14_1111001201):71):39):45,(5_2100101000,22_2100101000):155):39);"
s3_c1_data,10,"((4_0120111100:92,(5_1120111100:42,7_1120111101:41):51):99,(((8_1101001201:1,9_1111001201:1):91,(13_0111011101:49,14_0111011001:49):43):53,(16_2102011221:81,(18_2102011221:20,19_2102011221:20):61):65):46);","((4_0120111100:92,(5_1120111100:42,7_1120111101:41):51):99,(((8_1101001201:1,9_1111001201:1):91,(13_0111011101:49,14_0111011001:49):43):53,(16_2102011221,18_2102011221,19_2102011221):146):46);"
s3_c3_data,10,"(((1_1112001011:28,2_1112111211:28):50,(3_0112111211:27,4_1112111211:27):51):58,(((5_2110211021:10,6_2110211021:10):35,(7_2110211021:8,8_2110211021:8):37):42,(9_1111212021:38,10_1111212121:38):50):48);","((1_1112001011:78,(3_0112111211:27,(2_1112111211,4_1112111211):27):51):58,((5_2110211021,6_2110211021,7_2110211021,8_2110211021):87,(9_1111212021:38,10_1111212121:38):50):48);"
s3_c5_data,10,"((((1_0201000201:28,2_0101000000:28):60,(3_0201010201:30,4_0201010201:30):58):59,(5_2122211021:27,6_2202011221:27):120):49,((7_0112210021:6,8_0112211021:6):65,(9_0100011021:13,10_0112011021:13):58):125);","((((1_0201000201:28,2_0101000000:28):60,(3_0201010201,4_0201010201):88):59,(5_2122211021:27,6_2202011221:27):120):49,((7_0112210021:6,8_0112211021:6):65,(9_0100011021:13,10_0112011021:13):58):125);"
s4_c3_data,14,"((((9_2112012221:1,10_2112012221:1):57,(11_2112212221:8,12_2112212221:8):50):66,((13_1122012001:1,14_1122012001:1):55,15_0122012201:57):68):87,((16_0122012000:54,(17_0122012000:0,18_0122012000:0):53):64,((19_2112212211:9,20_2112212211:9):50,(21_2112202201:13,22_2112212211:13):46):58):94);","((((9_2112012221,10_2112012221):58,(11_2112212221,12_2112212221):58):66,((13_1122012001,14_1122012001):56,15_0122012201:57):68):87,((16_0122012000,17_0122012000,18_0122012000):117,((19_2112212211,20_2112212211,22_2112212211):59,21_2112202201:59):58):94);"
s4_c4_data,5,"((3_1111111011:18,4_1111111111:18):109,((5_2111111211:20,6_2111111211:20):44,7_2111111121:64):63);","((3_1111111011:18,4_1111111111:18):109,((5_2111111211,6_2111111211):64,7_2111111121:64):63);"
s4_c5_data,9,"(4_1111111111:211,(((15_0112012201:17,16_0110012201:17):44,(17_0120012201:27,18_0120012201:27):34):49,((19_2220212201:13,20_2220212201:13):43,(21_2120212201:23,22_2120212201:23):33):54):101);","(4_1111111111:211,(((15_0112012201:17,16_0110012201:17):44,(17_0120012201,18_0120012201):61):49,((19_2220212201,20_2220212201):56,(21_2120212201,22_2120212201):56):54):101);"
s4_c6_data,15,"((((1_0222212201:15,2_0222212201:15):48,(3_0222212201:10,4_0222212201:10):53):43,((5_0222002201:16,6_0222002201:16):46,(7_0222002201:22,8_0222002201:22):40):44):44,((9_0122212201:53,(10_0122212201:9,11_0122212201:9):43):49,((12_0122212201:2,13_0122212201:2):50,(14_0122012201:7,15_0122212201:7):45):49):49);","(((1_0222212201,2_0222212201,3_0222212201,4_0222212201):106,(5_0222002201,6_0222002201,7_0222002201,8_0222002201):106):44,((9_0122212201,10_0122212201,11_0122212201,12_0122212201,13_0122212201,15_0122212201):52,14_0122012201:52):98);"
s5_c1_data,9,"((1_0111111111:110,((3_1110111101:23,4_1111211101:23):39,(5_1111111101:18,6_1111111101:18):44):48):53,((7_2112211201:15,8_2112111121:15):40,(9_2110011000:9,10_2110011000:9):46):108);","((1_0111111111:110,((3_1110111101:23,4_1111211101:23):39,(5_1111111101,6_1111111101):62):48):53,((7_2112211201:15,8_2112111121:15):40,(9_2110011000,10_2110011000):55):108);"
s5_c10_data,26,"(((((1_0000000221:10,2_0000000221:10):42,(3_0000000221:10,4_0000000221:10):42):47,(5_0000010021:7,6_0000010021:7):92):56,((13_0112211221:24,14_0112211221:24):46,(15_0112212221:15,16_0112212221:15):55):85):50,((((17_2112011221:31,18_2112011221:31):45,(19_2112011221:30,20_2112011221:30):46):44,((21_2112011221:32,22_2112011221:32):44,(23_2112011221:32,24_2112011221:32):44):44):38,(((25_2112210000:21,26_2112000201:21):44,(27_2112211201:20,28_2112211201:20):45):50,((29_2000212000:22,30_2000212000:22):44,(31_2000212021:21,32_2000212021:21):45):49):43):47);","((((1_0000000221,2_0000000221,3_0000000221,4_0000000221):99,(5_0000010021,6_0000010021):99):56,((13_0112211221,14_0112211221):70,(15_0112212221,16_0112212221):70):85):50,((17_2112011221,18_2112011221,19_2112011221,20_2112011221,21_2112011221,22_2112011221,23_2112011221,24_2112011221):158,(((25_2112210000:21,26_2112000201:21):44,(27_2112211201,28_2112211201):65):50,((29_2000212000,30_2000212000):66,(31_2000212021,32_2000212021):66):49):43):47);"
s5_c12_data,27,"(((1_0122210221:8,2_0122210221:8):43,(3_0212210221:2,4_0212210221:2):49):160,(((((5_2102120202:11,6_2102120202:11):38,(7_2102120202:10,8_2102120202:10):39):40,(9_2102000000:52,12_2202000000:52):37):38,(((13_2102212202:10,14_2102212202:10):34,(15_2102212101:2,16_2102212101:2):42):40,(17_2102210101:45,(19_2102210101:6,20_2102210101:6):39):39):43):42,(((21_2100001201:39,22_2100001201:39):45,(23_0100001201:35,24_1100001201:35):49):43,(((25_2100002001:6,26_2100002001:6):36,(27_2100002001:2,28_2100002001:2):40):39,(29_2100002001:37,30_2100002001:37):45):45):43):41);","(((1_0122210221,2_0122210221):51,(3_0212210221,4_0212210221):51):160,((((5_2102120202,6_2102120202,7_2102120202,8_2102120202):89,(9_2102000000:52,12_2202000000:52):37):38,(((13_2102212202,14_2102212202):44,(15_2102212101,16_2102212101):44):40,(17_2102210101,19_2102210101,20_2102210101):84):43):42,(((21_2100001201,22_2100001201):84,(23_0100001201:35,24_1100001201:35):49):43,(25_2100002001,26_2100002001,27_2100002001,28_2100002001,29_2100002001,30_2100002001):126):43):41);"
s5_c13_data,8,"(1_2112211101:212,(((2_2112001211:6,7_2112001211:6):89,(8_1111111101:6,13_1111111111:6):89):54,(14_1112111111:50,(15_1111111111:7,16_1111111111:7):43):99):62);","(1_2112211101:212,((7_2112001211:95,8_1111111101:95):54,(14_1112111111:50,16_1111111111:50):99):62);"
s5_c2_data,12,"((((1_1111111111:21,2_1111111111:21):43,(3_1111111211:22,4_1111111211:22):42):56,((5_1111111211:26,6_1111111211:26):42,7_1111111211:68):52):47,((9_1011111011:22,10_1111111011:22):98,((13_1111111111:28,14_1111111111:28):36,15_1111111111:64):56):47);","(((1_1111111111,2_1111111111,13_1111111111,14_1111111111,15_1111111111):64,(3_1111111211,4_1111111211,5_1111111211,6_1111111211,7_1111111211):64):103,(9_1011111011:22,10_1111111011:22):145);"
s5_c3_data,26,"(((((1_0122212021:5,2_0122212021:5):37,(3_0122212021:4,4_0022212021:4):38):38,((5_0122211021:3,6_0122211021:3):34,(7_0122211011:2,8_0122211011:2):35):43):83,(((9_0111211021:25,10_0111001001:25):44,12_2110111001:69):53,((13_2111211221:26,14_2111111221:26):41,(15_2111111221:26,16_2111111221:26):41):55):42):47,((((17_2112111111:5,18_0012111111:5):76,23_2110000000:82):48,((24_1011211101:4,25_1112211101:4):38,(26_1111211221:9,27_1111011221:9):33):87):40,(((28_0111111221:25,29_1111111221:25):40,31_0101111121:65):58,33_1112212121:123):47):41);","(((((1_0122212021,2_0122212021,3_0122212021):42,4_0022212021:42):38,((5_0122211021,6_0122211021):37,(7_0122211011,8_0122211011):37):43):83,(((9_0111211021:25,10_0111001001:25):44,12_2110111001:69):53,(13_2111211221:67,(14_2111111221,15_2111111221,16_2111111221):67):55):42):47,((((17_2112111111:5,18_0012111111:5):76,23_2110000000:82):48,((24_1011211101:4,25_1112211101:4):38,(26_1111211221:9,27_1111011221:9):33):87):40,(((28_0111111221:25,29_1111111221:25):40,31_0101111121:65):58,33_1112212121:123):47):41);"
s5_c4_data,9,"(((1_0102010021:40,(2_0102010021:2,3_0102010021:2):37):45,(4_0202010021:32,(5_0202010021:0,6_0202010021:0):31):53):113,((13_2102011001:23,14_2102011001:23):52,16_2112012001:75):123);","(((1_0102010021,2_0102010021,3_0102010021):84,(4_0202010021,5_0202010021,6_0202010021):84):113,((13_2102011001,14_2102011001):75,16_2112012001:75):123);"
s5_c5_data,14,"(((1_2112212011:37,2_2112212011:37):88,((3_0112111201:30,4_2112111221:30):43,(5_1111111201:32,6_1111111221:32):41):52):52,(((7_0112211221:1,8_0112211221:1):85,(10_2112211221:34,11_2112211221:34):53):46,((12_1211212000:38,(13_1211212000:2,14_1211212201:2):35):46,15_2112212221:83):49):44);","(((1_2112212011,2_2112212011):125,((3_0112111201:30,4_2112111221:30):43,(5_1111111201:32,6_1111111221:32):41):52):52,(((7_0112211221,8_0112211221):86,(10_2112211221,11_2112211221):87):46,(((12_1211212000,13_1211212000):2,14_1211212201:2):81,15_2112212221:83):49):44);"
s5_c7_data,31,"(((3_0112211221:21,4_2222212000:21):171,(((10_2111212121:8,11_2111212121:8):39,(12_2111212121:14,13_2111212121:14):33):46,17_2121212221:93):98):19,((((20_2110211201:21,21_2110211201:21):39,(22_2110211201:17,23_2110211201:17):43):46,((24_2212212221:18,25_2212212221:18):45,(26_2112212221:19,27_2112212221:19):44):43):87,((((32_0012211000:13,33_0012211000:13):39,(34_0012211000:12,35_0012211000:12):40):49,((36_0012211000:11,37_0012211000:11):41,(38_0012211000:11,39_0012211000:11):41):49):47,(((40_0112210000:15,41_0112210000:15):44,(42_0112211221:21,43_0112211221:21):38):45,((44_0112211221:19,45_0112211221:19):40,(46_0112212221:19,47_0112212221:19):40):45):44):45):17);","((4_2222212000:192,((10_2111212121,11_2111212121,12_2111212121,13_2111212121):93,17_2121212221:93):98):19,(((20_2110211201,21_2110211201,22_2110211201,23_2110211201):106,((24_2212212221,25_2212212221):63,(26_2112212221,27_2112212221):63):43):87,((32_0012211000,33_0012211000,34_0012211000,35_0012211000,36_0012211000,37_0012211000,38_0012211000,39_0012211000):148,((40_0112210000,41_0112210000):104,((3_0112211221,42_0112211221,43_0112211221,44_0112211221,45_0112211221):59,(46_0112212221,47_0112212221):59):45):44):45):17);"
s5_c9_data,6,"(((1_2021020221:30,2_2021020221:30):48,3_2011020221:78):53,((5_1222212201:28,6_1222212201:28):55,7_1222012201:84):48);","(((1_2021020221,2_2021020221):78,3_2011020221:78):53,((5_1222212201,6_1222212201):83,7_1222012201:84):48);"
s6_c1_data,8,"(((1_2122212001:30,2_2102212001:30):48,(3_2022212001:18,4_2012212001:18):60):42,((5_2112212001:24,6_2102212001:24):50,(7_2122212001:19,8_2122212001:19):55):46);","((3_2022212001:18,4_2012212001:18):102,((5_2112212001:24,(2_2102212001,6_2102212001):24):50,(1_2122212001,7_2122212001,8_2122212001):74):46);"
s6_c3_data,22,"(((((1_1111101011:7,2_1111111111:7):42,(3_1111111211:13,4_1111111211:13):36):45,(6_1111111121:43,7_2111111111:44):51):48,((8_1111111111:53,(9_1111111111:8,10_1111111111:8):44):47,(12_1111111101:54,14_1111111111:54):45):43):50,(((16_1111111111:46,17_1111110111:47):50,(18_1111111111:54,(19_1111111111:3,20_1111111111:3):50):43):44,(((21_1111111111:6,22_1111111111:6):42,(23_1111111111:1,24_1111111111:1):47):47,(25_1111111111:44,28_1111111111:44):51):45):52);","((((1_1111101011:49,(3_1111111211,4_1111111211):49):45,(6_1111111121:43,7_2111111111:44):51):48,12_1111111101:142):50,(17_1111110111:141,(2_1111111111,8_1111111111,9_1111111111,10_1111111111,14_1111111111,16_1111111111,18_1111111111,19_1111111111,20_1111111111,21_1111111111,22_1111111111,23_1111111111,24_1111111111,25_1111111111,28_1111111111):140):52);"
s7_c1_data,18,"(((((1_2120000221:18,2_2120000221:18):38,(3_2102002221:19,4_2102002221:19):37):51,((5_2112210221:29,6_2110001221:29):35,(7_2112211221:26,8_2112211221:26):38):43):45,(((9_0122210201:16,10_0122211201:16):42,(11_0122211000:22,12_0122212000:22):36):50,((13_0122212221:31,14_0122210221:31):39,(15_0122211200:28,16_0122211200:28):42):38):44):55,(17_2111111011:93,20_1111111111:93):115);","(((((1_2120000221,2_2120000221):56,(3_2102002221,4_2102002221):56):51,((5_2112210221:29,6_2110001221:29):35,(7_2112211221,8_2112211221):64):43):45,(((9_0122210201:16,10_0122211201:16):42,(11_0122211000:22,12_0122212000:22):36):50,((13_0122212221:31,14_0122210221:31):39,(15_0122211200,16_0122211200):70):38):44):55,(17_2111111011:93,20_1111111111:93):115);"
s7_c2_data,9,"((((1_0112212221:2,2_0112212221:2):44,4_0112212221:46):43,(5_0112212221:50,(7_0112212221:12,8_0112212221:12):38):39):48,(9_2122212221:89,(11_2112212021:36,12_2112212221:36):53):49);","((1_0112212221,2_0112212221,4_0112212221,5_0112212221,7_0112212221,8_0112212221):137,(9_2122212221:89,(11_2112212021:36,12_2112212221:36):53):49);"
s7_c3_data,27,"((1_2111111121:40,2_2111111121:40):171,(((((3_0112112221:20,4_0112111221:20):31,(5_0110112221:18,6_0110112221:18):33):40,((7_0112111221:8,8_0112111221:8):40,(9_2112111121:4,10_0112111121:4):44):43):44,(((11_0111111121:13,12_0111111121:13):35,(13_0111111101:15,14_0111111121:15):33):45,((15_0111111121:15,16_0111111121:15):36,(17_0111111121:12,19_0111111121:12):39):42):42):38,(((21_1111111111:53,22_1111111111:53):35,((23_1111111111:14,26_1111111111:14):36,28_1111111111:50):38):44,((31_2111111111:40,32_2111111111:40):41,(33_1111111111:15,34_1111111111:15):66):51):41):37);","(2_2111111121:211,((((3_0112112221:51,6_0110112221:51):40,(7_0112111221:48,(9_2112111121:4,10_0112111121:4):44):43):44,((9_0111111121,10_0111111121,12_0111111121,13_0111111121,14_0111111121,15_0111111121,16_0111111121):48,13_0111111101:48):87):38,((17_1111111111,19_1111111111,21_1111111111,22_1111111111,23_1111111111,31_1111111111,32_1111111111):132,32_2111111111:132):41):37);"
s7_c5_data,13,"((((3_0100210021:42,(4_2110210001:0,5_0110210001:0):41):57,((6_2212211221:5,7_2220211021:5):43,(8_0212211021:8,9_2220211021:8):40):50):69,((10_0111211221:7,11_0111211221:7):48,(12_0111211221:10,13_0110211221:10):45):112):44,(14_0100000101:29,15_0000000101:29):183);","((((3_0100210021:42,(4_2110210001:0,5_0110210001:0):41):57,(6_2212211221:48,(8_0212211021:8,(9_2220211021,11_2220211021):8):40):50):69,(11_0111211221:55,13_0110211221:55):112):44,(14_0100000101:29,15_0000000101:29):183);"
s7_c6_data,4,"(((1_0000002201:62,2_0000001221:62):91,4_1112110011:153):60,5_1111110101:213);","(((1_0000002201:62,2_0000001221:62):91,4_1112110011:153):60,5_1111110101:213);"
s8_c1_data,12,"(((1_2000000021:47,2_2000000021:47):94,((3_2100000221:12,4_2100000221:12):45,(5_2100000221:7,6_2100000221:7):50):83):46,(((7_0010012200:17,8_0010012200:17):57,(9_0000212200:21,10_0000212200:21):53):63,(11_0000212201:18,12_0000212201:18):120):49);","(((1_2000000021,2_2000000021):141,(3_2100000221,4_2100000221,5_2100000221,6_2100000221):140):46,(((7_0010012200,8_0010012200):74,(9_0000212200,10_0000212200):74):63,(11_0000212201,12_0000212201):138):49);"
s8_c3_data,15,"((((1_0111112221:12,2_0111112221:12):41,(3_0111112221:13,4_0111112221:13):40):46,((5_1110012221:7,6_1110012021:7):46,(7_0110112221:8,8_0110112221:8):45):46):52,(((9_2211012221:2,10_2211012221:2):43,11_2211012221:46):45,((12_2111010121:1,13_2111010121:1):41,(14_2111010121:0,15_2111010121:0):42):48):61);","(((1_0111112221,2_0111112221,3_0111112221,4_0111112221):99,((5_1110012221:7,6_1110012021:7):46,(7_0110112221,8_0110112221):53):46):52,((9_2211012221,10_2211012221,11_2211012221):90,(12_2111010121,13_2111010121,14_2111010121,15_2111010121):90):61);"
s8_c4_data,16,"((((1_0122212201:30,2_0122212201:30):56,(3_0022212201:32,4_0022212201:32):54):52,((5_0122210201:25,6_0122210201:25):49,8_0122212200:74):64):42,(((9_2112011221:38,11_2112111221:37):45,(14_2112011221:5,15_2112011221:5):77):57,(((16_2112010201:0,17_2112010201:0):38,18_2112010201:39):46,(19_2112010201:15,20_2112010201:15):70):55):40);","((((1_0122212201,2_0122212201):86,(3_0022212201,4_0022212201):86):52,((5_0122210201,6_0122210201):74,8_0122212200:74):64):42,((11_2112111221:82,(9_2112011221,14_2112011221,15_2112011221):82):57,(16_2112010201,17_2112010201,18_2112010201,19_2112010201,20_2112010201):139):40);"
s8_c5_data,23,"((3_0110211021:123,((5_2110111101:41,(6_2110111101:4,7_2110111101:4):36):38,(8_2111111111:37,(9_2111011121:1,10_2111011121:1):35):42):44):88,((((18_1110111211:30,19_1110111211:30):43,(20_2110111121:33,21_1110112121:33):40):50,((22_2112111111:19,23_1112011211:19):49,(24_2112011201:21,25_2112011201:21):47):55):50,((26_2110111121:36,27_2110111121:36):90,(((30_0110011221:0,31_0110011221:0):37,(32_0110111221:4,33_0110111221:4):33):37,(34_2112011101:32,35_2112012101:32):43):51):47):38);","((3_0110211021:123,((5_2110111101,6_2110111101,7_2110111101):78,(8_2111111111:37,(9_2111011121,10_2111011121):36):42):44):88,((((18_1110111211,19_1110111211):73,21_1110112121:73):50,((22_2112111111:19,23_1112011211:19):49,(24_2112011201,25_2112011201):68):55):50,((20_2110111121,26_2110111121,27_2110111121):126,(((30_0110011221,31_0110011221):37,(32_0110111221,33_0110111221):37):37,(34_2112011101:32,35_2112012101:32):43):51):47):38);"
s8_c6_data,29,"(((((1_2100101000:11,2_2112111111:11):33,(3_2111111011:10,4_2111111111:10):34):45,((5_1110011201:3,6_1110011201:3):40,(7_1100111211:4,8_1100111211:4):39):46):46,(((9_1111110121:7,10_1111110121:7):37,(11_1111110121:9,12_1111110121:9):35):42,((13_1111110221:5,14_1111110221:5):36,16_1111111211:41):45):49):44,((((17_2101221221:12,18_2121221221:12):36,20_2121221011:48):42,(21_1100011201:47,(23_1102012221:15,24_1102012221:15):32):43):47,(((25_2120011021:18,26_2120011021:18):33,(27_2120011021:11,28_2120011021:11):40):40,((29_0110211021:13,30_0110211021:13):39,(31_0110211021:14,32_0110211021:14):38):39):46):42);","(((((1_2100101000:11,2_2112111111:11):33,(3_2111111011:10,4_2111111111:10):34):45,((5_1110011201,6_1110011201):43,(7_1100111211,8_1100111211):43):46):46,((9_1111110121,10_1111110121,11_1111110121,12_1111110121):86,((13_1111110221,14_1111110221):41,16_1111111211:41):45):49):44,((((17_2101221221:12,18_2121221221:12):36,20_2121221011:48):42,(21_1100011201:47,(23_1102012221,24_1102012221):47):43):47,((25_2120011021,26_2120011021,27_2120011021,28_2120011021):91,(29_0110211021,30_0110211021,31_0110211021,32_0110211021):91):46):42);"
s9_c1_data,17,"(((((1_2110111221:9,2_2110111221:9):63,(3_2110111221:22,4_2110111221:22):50):35,(5_2110111121:24,6_2110111121:24):83):45,(((7_1111111101:19,8_1110111111:19):43,(9_1111111111:25,10_1111111111:25):37):43,((11_1111110101:21,12_1111110101:21):38,13_1112111101:59):46):47):54,((15_0120212201:25,16_0120212201:25):79,(19_0100212201:29,20_0120212201:29):75):102);","((((1_2110111221,2_2110111221,3_2110111221,4_2110111221):107,(5_2110111121,6_2110111121):107):45,(((7_1111111101:19,8_1110111111:19):43,(9_1111111111,10_1111111111):62):43,((11_1111110101,12_1111110101):59,13_1112111101:59):46):47):54,((15_0120212201,16_0120212201,20_0120212201):104,19_0100212201:104):102);"
s9_c2_data,15,"((((1_2111112001:37,2_1111011101:37):53,3_0101210021:90):57,(((5_1111102001:11,6_1111110121:11):35,(7_1111111111:2,8_1111111111:2):44):49,(9_1101000011:48,11_1111111111:48):47):51):57,((13_1110111221:80,(15_1111111211:0,16_1111111211:0):80):61,((17_0100212221:22,18_0100212000:22):61,19_0110211221:83):58):63);","((((1_2111112001:37,2_1111011101:37):53,3_0101210021:90):57,(((5_1111102001:11,6_1111110121:11):35,(7_1111111111,8_1111111111,11_1111111111):46):49,9_1101000011:95):51):57,((13_1110111221:80,(15_1111111211,16_1111111211):80):61,((17_0100212221:22,18_0100212000:22):61,19_0110211221:83):58):63);"
s9_c3_data,26,"(((((1_2112011221:30,2_2112211200:30):44,(3_2112211200:29,4_2112211200:29):45):42,((5_2122012221:28,6_2102012221:28):40,8_2122012221:68):48):56,(((11_2110211221:6,12_2110211221:6):35,(13_2110011221:7,14_2110011221:7):34):82,(15_2110111001:79,(17_2110111001:28,18_2110111001:28):51):45):48):39,((((19_2110211021:37,20_2122211021:37):45,(21_2112211021:34,22_2102011021:34):48):48,((23_2112212221:36,24_2112212221:36):42,(25_0122212221:26,26_0122211221:26):52):52):44,((27_0102111001:40,28_0102212001:40):44,(29_1100212001:42,30_1100211001:42):42):90):37);","((((1_2112011221:74,(2_2112211200,3_2112211200,4_2112211200):74):42,(6_2102012221:68,(5_2122012221,8_2122012221):68):48):56,(((11_2110211221,12_2110211221):41,(13_2110011221,14_2110011221):41):82,(15_2110111001,17_2110111001,18_2110111001):124):48):39,((((19_2110211021:37,20_2122211021:37):45,(21_2112211021:34,22_2102011021:34):48):48,((23_2112212221,24_2112212221):78,(25_0122212221:26,26_0122211221:26):52):52):44,((27_0102111001:40,28_0102212001:40):44,(29_1100212001:42,30_1100211001:42):42):90):37);"
s9_c4_data,22,"(((1_1112111111:84,(3_1112111001:45,(4_2110111211:3,5_1112111111:3):41):39):49,(((6_1111111111:4,7_1111111111:4):42,(8_2111111111:3,9_2111111111:3):43):39,(10_1111111001:43,(12_1111110111:4,13_2110111001:4):39):42):47):78,((14_1110111121:35,15_1110111121:35):143,(((22_2100002000:32,23_2100000001:32):52,25_1111102001:84):50,((26_1110111121:36,27_1112111121:36):51,((28_1111112201:2,29_1111112201:2):37,(30_1111110201:0,31_1111112201:0):39):47):47):44):33);","(((3_1112111001:45,(4_2110111211:3,5_1112111111:3):41):88,(((6_1111111111,7_1111111111):46,(8_2111111111,9_2111111111):46):39,(10_1111111001:43,(12_1111110111:4,13_2110111001:4):39):42):47):78,((14_1110111121,15_1110111121,26_1110111121):178,(((22_2100002000:32,23_2100000001:32):52,25_1111102001:84):50,(27_1112111121:87,((28_1111112201,29_1111112201,31_1111112201):39,30_1111110201:39):47):47):44):33);"
s9_c5_data,16,"(((((1_1111000011:7,2_0111111111:7):46,(3_1111111111:9,4_1111111111:9):44):55,((5_1111111001:23,6_1102010010:23):39,7_1111111101:62):46):60,((13_2110111211:2,14_2110111211:2):44,15_2110111211:47):122):43,((23_1111111101:31,24_1111111021:31):80,((27_1111111000:23,28_0102001011:23):36,(29_1111111100:23,30_2100000000:23):36):52):100);","(((((1_1111000011:7,2_0111111111:7):46,(3_1111111111,4_1111111111):53):55,(5_1111111001:23,6_1102010010:23):85):60,(13_2110111211,14_2110111211,15_2110111211):168):43,(((7_1111111101,23_1111111101):31,24_1111111021:31):80,((27_1111111000:23,28_0102001011:23):36,(29_1111111100:23,30_2100000000:23):36):52):100);"