Position	file.name	file.extension	n.cells	eliminate	generations	newick
1	s1_c1_data	.txt	16	NA	3	(((((216_1:8,216_2:8):38,(216_3:4,216_4:4):42):42,((216_5:1,216_6:1):41,216_7:43):46):46,((216_8:22,216_9:22):51,216_10:74):62):50,(((216_11:17,216_12:17):60,(216_13:31,216_14:31):46):51,((216_15:29,216_16:29):50,144_8:8):49):57);
2	s1_c2_data	.txt	4	NA	3	((144_1:50,144_2:50):53,(((216_1:29,216_2:29):51,(216_3:29,216_4:29):51):50,(144_5:9,144_6:9):50):43);
3	s10_c1_data	.txt	12	NA	3	((((216_1:35,216_2:35):47,(216_3:30,216_4:30):52):58,(205_5:57,205_6:57):73):49,(((216_5:23,216_6:23):57,(216_7:22,216_8:22):58):65,((216_9:22,216_10:22):55,(216_11:17,216_12:17):60):68):44);
4	s10_c2_data	.txt	20	NA	3	(((((216_1:5,216_2:5):47,(216_3:10,216_4:10):42):53,((216_5:5,216_6:5):52,(216_7:14,216_8:14):43):48):45,((216_9:41,216_10:41):54,(216_11:41,216_12:41):54):56):41,(((216_13:27,216_14:27):62,(216_15:29,216_16:29):60):62,((216_17:40,216_18:40):55,(216_19:40,216_20:40):55):56):41);
5	s10_c3_data	.txt	24	NA	3	(((((216_1:18,216_2:18):44,(216_3:19,216_4:19):43):66,((216_6:7,216_5:7):50,(216_7:4,216_8:4):53):71):50,(((216_9:26,216_10:26):52,(216_11:25,216_12:25):53):58,((216_13:30,216_14:30):48,(216_15:28,216_16:28):50):58):42):33,((((216_17:33,216_18:33):41,(216_19:29,216_20:29):45):48,((216_21:6,216_22:6):68,(216_23:23,216_24:23):51):48):54,((214_25:40,212_26:38):89,187_18:103):46):35);
6	s10_c4_data	.txt	10	NA	3	(((216_1:39,216_2:39):49,(216_3:44,216_4:44):44):68,(((216_5:4,216_6:4):37,(216_7:4,216_8:4):37):48,(216_9:39,216_10:39):51):66);
7	s10_c5_data	.txt	23	NA	3	(((((216_1:8,216_2:8):42,(216_3:10,216_4:10):40):43,((216_5:15,216_6:15):36,(216_7:14,216_8:14):37):42):59,(((216_9:3,216_10:3):44,(216_11:2,216_12:2):45):48,(216_13:42,216_14:42):54):57):59,((((216_15:15,216_16:15):46,(216_17:3,216_18:3):58):47,144_6:38):53,(((216_19:8,216_20:8):50,216_21:59):48,(216_22:59,216_23:59):48):55):50);
8	s11_c1_data	.txt	6	NA	3	((166_1:71,(216_1:61,216_2:61):59):65,((216_3:50,216_4:50):69,(216_5:48,216_6:48):71):66);
9	s12_c1_data	.txt	8	NA	3	(((216_1:32,216_2:32):54,(216_3:33,216_4:33):53):49,((216_5:44,216_6:44):42,(216_7:46,216_8:46):40):49);
10	s12_c2_data	.txt	4	NA	3	((144_1:53,((216_1:15,216_2:15):52,(216_3:22,216_4:22):45):56):56,(132_3:41,133_3:42):56);
11	s12_c3_data	.txt	4	NA	3	(((167_1:32,(205_1:1,205_2:1):68):56,(139_3:11,139_4:11):49):51,(((216_1:31,216_2:31):48,(216_3:30,216_4:30):49):60,144_5:69):48);
12	s12_c4_data	.txt	22	NA	3	(((((216_1:19,216_2:19):42,(216_3:20,216_4:20):41):46,((216_5:6,216_6:6):56,(216_7:17,216_8:17):45):45):52,115_3:61):52,((((216_9:12,216_10:12):51,207_10:55):59,((216_11:25,216_12:25):50,(216_13:28,216_14:28):47):47):46,(((216_15:32,216_16:32):44,(216_17:33,216_18:33):43):46,((216_19:29,216_20:29):49,(216_21:27,216_22:27):51):44):46):43);
13	s13_c1_data	.txt	46	NA	3	(((((216_1:41,216_2:41):47,(216_3:38,216_4:38):50):49,((216_5:28,216_6:28):56,(216_7:30,216_8:30):54):53):48,(((216_9:24,216_10:24):50,(216_11:21,216_12:21):53):64,((216_13:35,216_14:35):48,(216_15:30,216_16:30):53):55):47):26,(((((216_17:24,216_18:24):34,(216_19:24,216_20:24):34):38,((216_21:27,216_22:27):32,(216_23:24,216_24:24):35):37):49,(((216_25:23,216_26:23):33,(216_27:19,216_28:19):37):41,((216_29:18,216_30:18):33,(216_31:16,216_32:16):35):46):48):43,((((216_33:4,216_34:4):40,(216_35:10,216_36:10):34):47,((216_37:13,216_38:13):38,(216_39:4,216_40:4):47):40):47,((216_41:14,216_42:14):79,((216_43:17,216_44:17):34,(216_45:18,216_46:18):33):41):46):50):22);
14	s13_c2_data	.txt	24	NA	3	((((199_1:65,(216_1:39,216_2:39):42):45,((216_3:33,216_4:33):44,(216_5:34,216_6:34):43):49):44,(((216_7:37,216_8:37):44,(216_9:38,216_10:38):43):44,((216_11:35,216_12:35):45,(216_13:35,216_14:35):45):45):45):41,(((167_9:26,166_10:25):50,((216_15:19,216_16:19):53,190_17:47):52):46,(((216_17:6,216_18:6):37,(216_19:5,216_20:5):38):87,((216_21:12,216_22:12):53,(216_23:23,216_24:23):42):65):40):41);
15	s13_c3_data	.txt	12	NA	3	((((216_1:31,216_2:31):46,(216_3:25,216_4:25):52):51,((216_5:39,216_6:39):44,(216_7:34,216_8:34):49):45):43,((216_9:40,216_10:40):69,(216_11:66,216_12:66):43):63);
16	s13_c4_data	.txt	24	NA	3	((((216_12:57,216_13:57):79,(216_14:63,(216_15:11,216_16:11):51):73):45,(((216_17:4,216_18:4):69,(216_19:12,216_20:12):61):57,((216_21:12,216_22:12):63,(216_23:22,216_24:22):53):55):50):31,((((216_1:35,216_2:35):43,(216_3:24,216_4:24):54):53,((216_5:17,216_6:17):59,(216_7:21,216_8:21):55):55):45,((216_9:48,(216_10:0,216_11:0):47):61,190_8:84):68):35);
17	s14_c2_data	.txt	16	NA	3	((((216_1:14,216_2:14):44,(216_3:14,216_4:14):44):48,((216_5:18,216_6:18):44,(216_7:20,216_8:20):42):44):48,(((216_9:9,216_10:9):39,(216_11:10,216_12:10):38):50,((216_13:6,216_14:6):48,(216_15:17,216_16:17):37):44):56);
18	s14_c3_data	.txt	15	NA	3	((((192_9:50,207_14:65):53,(184_11:27,183_12:26):68):48,((202_14:59,211_14:68):52,((195_13:9,195_14:9):44,(216_14:31,216_15:31):43):50):50):37,((((216_1:18,216_2:18):44,(216_3:18,216_4:18):44):47,((216_5:22,216_6:22):38,(216_7:17,216_8:17):43):49):56,(((216_9:9,216_10:9):53,216_11:63):49,(216_12:59,216_13:59):53):54):46);
19	s14_c4_data	.txt	7	NA	3	(79_1:53,(((201_1:10,216_1:25):59,(216_2:31,216_3:31):53):47,((216_4:23,216_5:23):63,(216_6:30,216_7:30):56):45):56);
20	s14_c5_data	.txt	27	NA	3	(((111_1:42,(((216_1:17,216_2:17):41,(216_3:15,216_4:15):43):48,155_2:47):38):36,((((216_5:18,216_6:18):34,(216_7:15,216_8:15):37):46,((216_9:8,216_10:8):44,(216_11:12,216_12:12):40):46):44,(((216_13:13,206_13:3):46,(216_14:14,216_15:14):45):48,((216_16:10,216_17:10):52,(216_18:19,216_19:19):43):45):35):38):30,((147_7:65,((216_20:18,216_21:18):48,(216_22:15,216_23:15):51):66):46,(((216_24:15,216_25:15):52,(216_26:15,216_27:15):52):60,167_15:80):51):33);
21	s14_c6_data	.txt	14	NA	3	((96_1:39,96_2:39):50,((((216_1:4,216_2:4):39,216_3:44):55,(216_4:37,(216_5:1,216_6:1):35):62):56,(((216_7:8,216_8:8):36,(216_9:12,216_10:12):32):50,((216_11:2,216_12:2):41,(216_13:0,216_14:0):43):51):60):52);
22	s15_c1_data	.txt	14	NA	3	((((216_1:17,216_2:17):70,(216_3:30,216_4:30):57):56,((216_5:36,216_6:36):56,(216_7:39,216_8:39):53):51):45,(((216_9:23,216_10:23):56,(216_11:28,216_12:28):51):53,((216_13:25,216_14:25):51,195_14:56):56):56);
23	s15_c2_data	.txt	19	NA	3	((((216_1:41,216_2:41):65,(216_3:45,216_4:45):61):60,(((216_5:4,216_6:4):51,(216_7:2,216_8:2):53):54,((216_9:8,216_10:8):52,(216_11:6,216_12:6):54):49):56):41,((216_13:79,(216_14:16,216_15:16):62):78,((216_16:28,216_17:28):59,(216_18:27,216_19:27):60):69):51);
24	s15_c3_data	.txt	8	NA	3	((117_1:43,((214_1:29,213_2:28):56,190_3:62):53):46,(((216_1:49,216_2:49):45,(216_3:46,216_4:46):48):46,((216_5:25,216_6:25):64,(216_7:43,216_8:43):46):51):46);
25	s15_c4_data	.txt	15	NA	3	((((216_1:11,216_2:11):46,216_3:58):66,((216_4:9,216_5:9):48,(216_6:15,216_7:15):42):66):56,(((216_8:20,216_9:20):44,(216_10:21,216_11:21):43):58,((216_12:24,216_13:24):48,(216_14:22,216_15:22):50):50):57);
26	s15_c5_data	.txt	12	NA	3	((117_1:45,123_1:51):43,(((216_1:6,216_2:6):83,(216_3:22,216_4:22):67):54,(((216_5:7,216_6:7):40,(216_7:13,216_8:13):34):47,((216_9:13,216_10:13):34,(216_11:13,216_12:13):34):47):48):42);
27	s15_c6_data	.txt	17	NA	3	(((194_1:84,175_2:65):49,(216_1:97,(216_2:47,216_3:47):49):58):54,((((216_4:16,216_5:16):42,(216_6:13,216_7:13):45):44,(216_8:53,216_9:53):50):60,(((216_10:6,216_11:6):46,(216_12:13,216_13:13):39):53,((216_14:13,216_15:13):44,(216_16:1,216_17:1):56):48):57):45);
28	s15_c7_data	.txt	30	NA	3	(((((216_1:20,216_2:20):47,(216_3:13,216_4:13):54):51,((216_5:22,216_6:22):39,(216_7:15,216_8:15):46):57):43,(((216_9:9,216_10:9):54,(216_11:14,216_12:14):49):46,((216_13:18,216_14:18):45,(216_15:22,216_16:22):41):46):52):50,((216_17:124,((216_18:31,216_19:31):49,(216_20:38,216_21:38):42):42):48,((((216_22:1,216_23:1):42,216_24:44):39,(216_25:39,216_26:39):44):46,((216_27:42,216_28:42):41,(216_29:36,216_30:36):47):46):41):41);
29	s15_c8_data	.txt	20	NA	3	(((((216_1:0,216_2:0):49,(216_3:9,216_4:9):40):44,((216_5:0,216_6:0):43,(216_7:2,216_8:2):41):50):54,((216_9:49,(216_10:0,216_11:0):48):46,(216_12:44,216_13:44):51):53):50,((((216_14:7,216_15:7):40,(216_16:7,216_17:7):40):49,((216_18:3,216_19:3):44,216_20:48):49):51,(163_7:37,172_13:46):59):50);
30	s16_c1_data	.txt	26	NA	3	((((216_1:60,216_2:60):47,(216_3:57,(216_4:0,216_5:0):56):50):57,(((216_6:9,216_7:9):52,(216_8:10,216_9:10):51):48,((216_10:0,216_11:0):51,(216_12:2,216_13:2):49):58):54):46,((((216_14:16,216_15:16):52,216_16:69):52,((216_17:13,216_18:13):54,(216_19:20,216_20:20):47):53):48,((216_21:55,216_22:55):55,((216_23:7,216_24:7):43,(216_25:6,216_26:6):44):59):59):41);
31	s16_c2_data	.txt	9	NA	3	((((216_1:33,216_2:33):55,(216_3:16,216_4:16):72):60,((216_5:45,216_6:45):50,(216_7:45,(216_8:0,216_9:0):44):50):53):52,(127_5:65,127_6:65):48);
32	s16_c3_data	.txt	12	NA	3	(((216_1:18,216_2:18):124,(216_3:38,216_4:38):104):60,((((216_5:11,216_6:11):46,(216_7:13,216_8:13):44):45,((216_9:21,216_10:21):37,(216_11:18,216_12:18):40):44):47,(168_7:54,170_7:56):49):51);
33	s16_c4_data	.txt	10	NA	3	(((216_1:64,216_2:64):58,((216_3:13,216_4:13):50,(216_5:12,216_6:12):51):58):51,(((216_7:21,216_8:21):44,(216_9:20,216_10:20):45):55,(214_11:32,214_12:32):87):52);
34	s16_c5_data	.txt	10	NA	3	((((216_1:13,216_2:13):54,(216_3:2,216_4:2):65):53,(206_4:53,208_4:55):58):55,((216_5:60,216_6:60):62,((216_7:3,216_8:3):46,(216_9:4,216_10:4):45):72):54);
35	s16_c6_data	.txt	25	NA	3	(((((216_1:2,216_2:2):36,(216_3:5,216_4:5):33):43,((216_5:1,216_6:1):36,216_7:38):44):55,(((216_8:2,216_9:2):38,216_10:41):46,((216_11:4,216_12:4):35,(216_13:2,216_14:2):37):47):50):51,(((216_15:34,216_16:34):45,(216_17:37,(216_18:1,216_19:1):35):42):56,((216_20:12,216_21:12):74,((216_22:7,216_23:7):32,(216_24:9,216_25:9):30):46):49):53);
36	s16_c7_data	.txt	9	NA	3	((((216_2:42,216_3:42):64,(216_4:43,216_5:43):63):64,((216_6:48,216_7:48):54,(216_8:41,216_9:41):61):68):42,(((212_1:38,216_1:42):66,193_3:86):65,106_2:65):39);
37	s16_c8_data	.txt	11	NA	3	((((216_1:16,216_2:16):46,(216_3:19,216_4:19):43):56,((216_5:10,216_6:10):47,(216_7:1,216_8:1):56):61):56,(150_3:57,(216_9:61,(216_10:15,216_11:15):45):61):53);
38	s16_c9_data	.txt	4	NA	3	(((215_1:99,(204_2:16,209_2:21):71):61,((216_1:30,216_2:30):63,(216_3:33,216_4:33):60):67):52,(((210_6:48,211_6:49):52,186_9:77):59,140_7:91):47);
39	s17_c1_data	.txt	20	NA	3	(((((216_8:34,216_9:34):45,183_11:47):45,((216_10:26,216_11:26):53,(216_12:32,216_13:32):47):45):42,(((216_14:22,216_15:22):54,(216_16:19,207_17:10):57):43,((216_17:16,216_18:16):59,(216_19:26,216_20:26):49):44):47):45,(((216_1:46,192_2:22):54,(216_2:48,216_3:48):52):67,((216_4:43,216_5:43):67,(216_6:46,216_7:46):64):57):45);
40	s18_c1_data	.txt	16	NA	3	((((216_1:21,216_2:21):59,(216_3:6,216_4:6):74):58,((216_5:16,216_6:16):63,(216_7:15,216_8:15):64):59):50,(((216_9:25,216_10:25):54,(216_11:30,216_12:30):49):51,((216_13:30,216_14:30):52,(216_15:34,216_16:34):48):48):58);
41	s18_c2_data	.txt	21	NA	3	(((((216_1:19,216_2:19):55,(216_3:15,216_4:15):59):52,(184_3:31,184_4:31):64):49,(((216_5:30,216_6:30):52,(216_7:35,216_8:35):47):48,((216_9:37,216_10:37):47,(216_11:40,216_12:40):44):46):45):36,(((216_13:75,(216_14:24,216_15:24):50):48,(214_16:59,(216_16:9,216_17:9):51):62):50,((190_15:46,187_16:43):44,((216_18:30,216_19:30):42,(216_20:34,216_21:34):38):43):57):39);
42	s18_c3_data	.txt	1	NA	3	N/A
43	s19_c1_data	.txt	14	NA	3	((((216_1:43,216_2:43):50,(216_3:42,216_4:42):51):43,((216_5:32,216_6:32):57,(216_7:33,216_8:33):56):47):46,(((216_9:12,216_10:12):42,(216_11:9,216_12:9):45):58,((214_13:6,214_14:6):47,(216_13:5,216_14:5):50):57):70);
44	s19_c2_data	.txt	18	NA	3	(((155_1:32,160_1:37):52,((209_1:30,216_1:37):55,(216_2:20,216_3:20):72):52):58,((((216_4:19,216_5:19):40,(216_6:21,216_7:21):38):42,((216_8:17,216_9:17):37,(216_10:9,216_11:9):45):47):44,((216_12:48,(216_13:11,216_14:11):36):50,((216_15:8,216_16:8):45,(216_17:13,216_18:13):40):44):48):56);
45	s19_c3_data	.txt	10	NA	3	(((216_1:86,216_2:86):62,(194_3:62,213_3:81):64):46,(((216_3:33,216_4:33):55,(216_5:38,216_6:38):50):56,((216_7:35,216_8:35):52,(216_9:37,216_10:37):50):57):49);
46	s19_c4_data	.txt	16	NA	3	((((216_1:36,216_2:36):47,(216_3:24,216_4:24):59):49,((216_5:25,216_6:25):48,(216_7:23,216_8:23):50):59):47,(((216_9:25,216_10:25):42,(216_11:23,216_12:23):44):63,((216_13:39,216_14:39):42,(216_15:35,216_16:35):46):49):49);
47	s2_c1_data	.txt	46	NA	3	((((((216_15:16,216_16:16):46,(216_17:17,216_18:17):45):47,((216_19:13,216_20:13):45,(216_21:11,216_22:11):47):51):51,(((216_23:6,216_24:6):48,(216_25:8,216_26:8):46):45,((216_27:13,216_28:13):41,(216_29:10,216_30:10):44):45):61):39,((((216_31:12,216_32:12):39,(216_33:13,216_34:13):38):46,((216_35:7,216_36:7):40,(216_37:4,216_38:4):43):50):56,(((216_39:7,216_40:7):37,(216_41:4,216_42:4):40):49,((216_43:8,216_44:8):42,(216_45:4,216_46:4):46):43):60):46):11,((((216_1:40,(216_2:3,216_3:3):36):49,((216_4:1,216_5:1):36,(216_6:2,216_7:2):35):51):55,(((216_8:2,216_9:2):40,216_10:43):48,((216_11:3,216_12:3):43,(216_13:1,216_14:1):45):44):53):49,(177_8:92,171_7:86):64):18);
48	s2_c10_data	.txt	19	NA	3	(((((216_1:6,216_2:6):43,(216_3:8,216_4:8):41):44,((216_5:5,216_6:5):41,(216_7:5,216_8:5):41):47):49,((216_9:38,216_10:38):53,216_11:92):52):46,(((216_12:29,216_13:29):56,(216_14:36,216_15:36):49):53,((216_16:31,216_17:31):47,(216_18:29,216_19:29):49):60):51);
49	s2_c11_data	.txt	1	NA	3	((146_1:53,141_2:48):48,((211_1:54,216_1:59):69,144_3:57):42);
50	s2_c2_data	.txt	16	NA	3	((((216_1:33,216_2:33):48,(216_3:28,216_4:28):53):50,((216_5:29,216_6:29):49,(216_7:31,216_8:31):47):53):51,(((216_9:35,216_10:35):43,(216_11:29,216_12:29):49):50,((216_13:18,216_14:18):46,(216_15:18,216_16:18):46):64):54);
51	s2_c3_data	.txt	4	NA	3	(((216_1:33,216_2:33):45,(216_3:22,216_4:22):56):55,116_2:35);
52	s2_c4_data	.txt	13	NA	3	((((216_1:33,216_2:33):55,(216_3:37,216_4:37):51):50,128_3:52):63,(((216_5:27,216_6:27):61,(216_7:23,216_8:23):65):58,((216_9:47,216_10:47):48,(216_11:48,(216_12:0,216_13:0):47):47):51):55);
53	s2_c5_data	.txt	13	NA	3	((((216_1:13,216_2:13):46,(216_3:12,216_4:12):47):80,(216_5:69,(216_6:20,216_7:20):48):71):52,((216_8:91,216_9:91):54,((216_10:34,216_11:34):54,(216_12:32,216_13:32):56):56):47);
54	s2_c6_data	.txt	35	NA	3	(((((216_1:43,216_2:43):42,(211_3:28,212_3:29):52):50,((216_3:32,204_6:20):52,(216_4:26,216_5:26):58):51):63,((((216_6:5,216_7:5):43,(216_8:6,216_9:6):42):47,(216_10:45,216_11:45):51):54,(((216_12:7,216_13:7):48,216_14:56):41,(216_15:39,216_16:39):58):53):48):13,(((((216_17:31,216_18:31):44,(216_19:31,216_20:31):44):35,((216_21:24,210_23:18):38,(216_22:14,216_23:14):48):48):38,(211_26:97,((216_24:13,216_25:13):41,(216_26:17,216_27:17):37):46):48):38,((((193_27:0,216_28:23):3,216_29:27):71,(199_30:37,208_31:46):44):47,((216_30:45,216_31:45):54,((216_32:6,216_33:6):41,(216_34:7,216_35:7):40):51):46):42):24);
55	s2_c8_data	.txt	25	NA	3	((((216_1:50,(216_2:3,216_3:3):46):55,((216_4:1,216_5:1):55,(216_6:10,216_7:10):46):48):46,(((216_8:11,216_9:11):51,(216_10:16,216_11:16):46):46,((216_12:10,216_13:10):54,(216_14:8,216_15:8):56):44):42):47,(((216_16:61,(216_17:5,216_18:5):55):45,((216_19:0,216_20:0):54,216_21:55):51):47,((216_22:35,216_23:35):67,(216_24:40,216_25:40):62):51):45);
56	s2_c9_data	.txt	22	NA	3	(((216_1:49,216_2:49):84,((216_3:29,216_4:29):62,(216_5:35,216_6:35):56):41):39,((((216_7:10,216_8:10):40,(216_9:13,216_10:13):37):39,((216_11:6,216_12:6):44,(216_13:14,216_14:14):36):39):40,(((216_15:15,216_16:15):34,(216_17:10,216_18:10):39):39,((216_19:12,216_20:12):37,(216_21:14,216_22:14):35):39):41):41);
57	s20_c1_data	.txt	11	NA	3	((100_1:13,100_2:13):43,((((216_1:5,216_2:5):35,(216_3:5,216_4:5):35):37,((216_5:1,216_6:1):36,216_7:38):40):32,((216_8:25,216_9:25):42,(216_10:30,216_11:30):37):43):60);
58	s20_c2_data	.txt	21	NA	3	((((216_1:54,216_2:54):54,((216_3:3,216_4:3):52,216_5:56):52):46,(((216_6:8,216_7:8):51,(216_8:6,216_9:6):53):48,((216_10:12,216_11:12):47,(216_12:14,216_13:14):45):48):46):42,(((216_14:35,216_15:35):49,(216_16:38,216_17:38):46):56,((216_18:36,216_19:36):52,(216_20:40,216_21:40):48):52):56);
59	s20_c3_data	.txt	8	NA	3	((99_1:20,99_2:20):43,(((216_1:14,216_2:14):69,(216_3:22,216_4:22):61):52,((216_5:31,216_6:31):54,(216_7:33,216_8:33):52):50):43);
60	s20_c4_data	.txt	11	NA	3	((((216_1:36,216_2:36):66,(216_3:22,216_4:22):80):52,(((216_5:16,216_6:16):48,(216_7:18,216_8:18):46):44,((213_9:3,213_10:3):53,(216_9:11,216_10:11):48):49):45):43,((179_7:62,(189_8:18,192_8:21):53):49,((216_11:38,215_12:37):53,(215_13:34,215_14:34):56):56):50);
61	s20_c5_data	.txt	14	NA	3	((((193_1:57,186_2:50):60,(216_1:79,212_2:75):61):47,(((216_2:38,216_3:38):50,(210_5:24,216_4:30):58):54,(216_5:85,216_6:85):58):44):25,(((216_7:89,215_8:88):53,((216_8:34,216_9:34):51,216_10:86):56):42,((183_15:57,187_15:61):54,((216_11:24,216_12:24):60,(216_13:23,216_14:23):61):59):40):28);
62	s20_c6_data	.txt	21	NA	3	(((((216_1:14,216_2:14):44,(216_3:5,216_4:5):53):64,(216_5:72,(216_6:8,216_7:8):63):51):43,((216_8:49,216_9:49):61,(216_10:58,216_11:58):52):56):45,((154_6:62,(195_9:60,(216_12:39,216_13:39):41):42):44,(((216_14:21,216_15:21):50,(216_16:25,216_17:25):46):53,((216_18:31,216_19:31):49,(216_20:36,216_21:36):44):44):42):44);
63	s20_c7_data	.txt	6	NA	3	(((216_1:47,(216_2:0,216_3:0):46):116,((205_3:35,203_4:33):57,166_3:54):59):49,(((216_4:38,216_5:38):59,216_6:98):61,(165_6:37,165_7:37):71):53);
64	s21_c1_data	.txt	14	NA	3	((((216_1:34,216_2:34):60,(216_3:43,216_4:43):51):58,((216_5:38,216_6:38):46,(216_7:31,216_8:31):53):68):43,(((216_9:38,216_10:38):45,(216_11:31,216_12:31):52):71,((216_13:14,216_14:14):53,207_15:59):87):41);
65	s21_c3_data	.txt	16	NA	3	((((216_1:21,216_2:21):60,(216_3:22,216_4:22):59):57,((216_5:25,216_6:25):59,(216_7:32,216_8:32):52):54):48,(((216_9:29,216_10:29):67,(216_11:24,216_12:24):72):51,((216_13:36,216_14:36):60,(216_15:36,216_16:36):60):51):39);
66	s21_c4_data	.txt	32	NA	3	(((((216_1:16,216_2:16):43,(216_3:17,216_4:17):42):46,((216_5:22,216_6:22):39,(216_7:20,216_8:20):41):44):48,(((216_9:16,216_10:16):40,(216_11:14,216_12:14):42):49,((216_13:8,216_14:8):44,(216_15:10,216_16:10):42):53):48):45,((((216_17:14,216_18:14):40,(216_19:13,216_20:13):41):47,((216_21:5,216_22:5):48,(216_23:0,216_24:0):53):48):51,(((216_25:21,216_26:21):42,(216_27:15,216_28:15):48):45,((216_29:22,216_30:22):43,(216_31:18,216_32:18):47):43):44):46);
67	s21_c5_data	.txt	22	NA	3	((((216_1:44,216_2:44):53,162_2:44):48,((216_3:50,216_4:50):52,(206_5:42,(216_5:6,216_6:6):45):50):43):50,((((216_7:24,216_8:24):40,(216_9:25,216_10:25):39):46,((216_11:27,216_12:27):44,(216_13:26,216_14:26):45):39):45,(((216_15:9,216_16:9):48,(216_17:12,216_18:12):45):46,((216_19:6,216_20:6):47,(216_21:13,216_22:13):40):50):52):39);
68	s3_c1_data	.txt	19	NA	3	(((((216_1:20,216_2:20):33,(216_3:13,216_4:13):40):39,(216_5:42,(216_6:1,216_7:1):40):51):52,144_3:75):47,((((216_8:1,216_9:1):44,(216_10:3,216_11:3):42):47,((216_12:12,216_13:12):37,(216_14:6,216_15:6):43):43):53,((216_16:35,216_17:35):46,(216_18:20,216_19:20):61):65):46);
69	s3_c2_data	.txt	4	NA	3	((150_1:41,((216_1:5,216_2:5):44,(216_3:3,216_4:3):46):56):56,(174_3:64,187_3:77):57);
70	s3_c3_data	.txt	10	NA	3	(((216_1:28,216_2:28):50,(216_3:27,216_4:27):51):58,(((216_5:10,216_6:10):35,(216_7:8,216_8:8):37):42,(216_9:38,216_10:38):50):48);
71	s3_c4_data	.txt	17	NA	3	((((216_1:8,216_2:8):54,216_3:63):60,(216_4:58,216_5:58):65):62,(((216_6:36,216_7:36):49,(216_8:36,216_9:36):49):52,(((216_10:2,216_11:2):42,(216_12:5,216_13:5):39):47,((216_14:5,216_15:5):43,(216_16:11,216_17:11):37):43):45):47);
72	s3_c5_data	.txt	10	NA	3	((((216_1:28,216_2:28):60,(216_3:30,216_4:30):58):59,((216_5:27,216_6:27):59,(211_7:24,211_8:24):57):61):49,(126_3:53,((216_7:6,216_8:6):65,(216_9:13,216_10:13):58):70):55);
73	s4_c1_data	.txt	16	NA	3	((((184_5:37,196_5:49):47,(195_6:43,205_8:53):52):47,(((216_9:6,216_10:6):46,(216_11:11,216_12:11):41):50,((216_13:11,216_14:11):43,(216_15:11,216_16:11):43):48):60):49,((((216_1:12,216_2:12):36,(216_3:7,216_4:7):41):53,((216_5:12,216_6:12):41,(216_7:18,216_8:18):35):48):64,99_2:51):46);
74	s4_c10_data	.txt	21	NA	3	((((216_1:42,216_2:42):43,((216_3:5,216_4:5):38,(216_5:2,216_6:2):41):41):45,(169_3:33,163_4:27):51):51,((((216_7:8,216_8:8):35,216_9:44):40,((216_10:6,216_11:6):37,(216_12:9,216_13:9):34):40):48,(((216_14:2,216_15:2):39,(216_16:6,216_17:6):35):42,((216_18:0,216_19:0):37,(216_20:0,216_21:0):37):46):48):49);
75	s4_c3_data	.txt	24	NA	3	(((((216_1:11,216_2:11):46,(216_3:7,216_4:7):50):63,((216_5:9,216_6:9):51,(216_7:8,216_8:8):52):60):56,(((216_9:1,216_10:1):57,(216_11:8,216_12:8):50):66,((216_13:1,216_14:1):55,216_15:57):68):52):35,(((216_16:54,(216_17:0,216_18:0):53):64,((216_19:9,216_20:9):50,(216_21:13,216_22:13):46):58):54,((201_13:6,202_13:7):58,(216_23:28,216_24:28):51):93):40);
76	s4_c4_data	.txt	7	NA	3	((114_1:30,115_1:31):53,(((216_1:19,216_2:19):48,(216_3:18,216_4:18):49):60,((216_5:20,216_6:20):44,(211_7:9,216_7:14):50):63):56);
77	s4_c5_data	.txt	22	NA	3	((131_1:76,(((216_1:4,216_2:4):60,(216_3:10,216_4:10):54):39,(209_4:44,216_5:51):53):55):53,(((((216_6:3,216_7:3):34,216_8:38):38,(216_9:31,216_10:31):45):45,((216_11:25,216_12:25):45,(216_13:21,216_14:21):49):51):48,(((216_15:17,216_16:17):44,(216_17:27,216_18:27):34):49,((216_19:13,216_20:13):43,(216_21:23,216_22:23):33):54):59):42);
78	s4_c6_data	.txt	15	NA	3	(((((216_1:15,216_2:15):48,(216_3:10,216_4:10):53):43,((216_5:16,216_6:16):46,(216_7:22,216_8:22):40):44):44,((216_9:53,(216_10:9,216_11:9):43):49,((216_12:2,216_13:2):50,(216_14:7,216_15:7):45):49):49):43,(105_3:48,106_3:49):37);
79	s4_c7_data	.txt	16	NA	3	(((((216_1:26,216_2:26):34,(216_3:25,216_4:25):35):36,(176_3:18,175_4:17):39):38,(185_3:62,((216_5:18,216_6:18):35,(216_7:20,216_8:20):33):38):43):45,(((216_9:12,216_10:12):37,(216_11:12,216_12:12):37):38,((216_13:19,216_14:19):29,(216_15:14,216_16:14):34):39):93);
80	s4_c9_data	.txt	2	NA	3	(216_1:39,216_2:39);
81	s5_c1_data	.txt	10	NA	3	(((191_1:31,(216_1:16,216_2:16):39):55,((216_3:23,216_4:23):39,(216_5:18,216_6:18):44):48):53,(((216_7:15,216_8:15):40,(216_9:9,216_10:9):46):60,158_5:59):48);
82	s5_c10_data	.txt	32	NA	3	(((((216_1:10,216_2:10):42,(216_3:10,216_4:10):42):47,((216_5:7,216_6:7):37,(216_7:3,216_8:3):41):55):56,(((216_9:37,216_10:37):36,(216_11:29,216_12:29):44):42,((216_13:24,216_14:24):46,(216_15:15,216_16:15):55):45):40):50,((((216_17:31,216_18:31):45,(216_19:30,216_20:30):46):44,((216_21:32,216_22:32):44,(216_23:32,216_24:32):44):44):38,(((216_25:21,216_26:21):44,(216_27:20,216_28:20):45):50,((216_29:22,216_30:22):44,(216_31:21,216_32:21):45):49):43):47);
83	s5_c11_data	.txt	8	NA	3	((151_1:20,151_2:20):64,(((216_1:20,216_2:20):41,(216_3:19,216_4:19):42):39,((216_5:13,216_6:13):40,(216_7:10,216_8:10):43):47):47);
84	s5_c12_data	.txt	30	NA	3	(((132_1:33,132_2:33):53,((200_1:56,198_2:54):44,((216_1:8,216_2:8):43,(216_3:2,216_4:2):49):64):53):43,(((((216_5:11,216_6:11):38,(216_7:10,216_8:10):39):40,((216_9:12,216_10:12):40,(216_11:16,216_12:16):36):37):38,(((216_13:10,216_14:10):34,(216_15:2,216_16:2):42):40,((216_17:0,216_18:0):45,(216_19:6,216_20:6):39):39):43):42,(((216_21:39,216_22:39):45,(216_23:35,216_24:35):49):43,(((216_25:6,216_26:6):36,(216_27:2,216_28:2):40):39,(216_29:37,216_30:37):45):45):43):41);
85	s5_c13_data	.txt	19	NA	3	((((216_16:33,216_17:33):59,(216_18:26,216_19:26):66):59,104_4:41):61,((((216_1:6,216_2:6):44,(216_3:1,216_4:1):49):45,((216_5:0,216_6:0):48,(216_7:6,216_8:6):42):47):54,((216_9:47,(216_10:0,216_11:0):46):48,((216_12:4,216_13:4):46,(216_14:7,216_15:7):43):44):55):62);
86	s5_c2_data	.txt	16	NA	3	((((216_1:21,216_2:21):43,(216_3:22,216_4:22):42):56,((216_5:26,216_6:26):42,(216_7:27,216_8:27):41):52):47,(((216_9:22,216_10:22):38,(216_11:20,216_12:20):40):60,((216_13:28,216_14:28):36,(216_15:27,216_16:27):37):56):47);
87	s5_c3_data	.txt	35	NA	3	((((((216_1:5,216_2:5):37,(216_3:4,216_4:4):38):38,((216_5:3,216_6:3):34,(216_7:2,216_8:2):35):43):37,(166_3:28,166_4:28):41):46,(((216_9:25,216_10:25):44,(216_11:29,216_12:29):40):53,((216_13:26,216_14:26):41,(216_15:26,216_16:26):41):55):42):47,(((((216_17:5,216_18:5):36,(216_19:5,216_20:5):36):40,((216_21:5,216_22:5):36,216_23:42):40):48,(185_13:58,((216_24:4,216_25:4):38,(216_26:9,216_27:9):33):45):42):40,(((216_28:25,216_29:25):40,(216_30:16,216_31:16):49):58,((216_32:22,216_33:22):40,(216_34:23,216_35:23):39):61):47):41);
88	s5_c4_data	.txt	16	NA	3	((((216_1:40,(216_2:2,216_3:2):37):45,(216_4:32,(216_5:0,216_6:0):31):53):52,((215_6:31,215_7:31):48,(216_7:26,216_8:26):54):57):61,(((216_9:1,216_10:1):83,(216_11:17,216_12:17):67):59,((216_13:23,216_14:23):52,(216_15:21,216_16:21):54):68):55);
89	s5_c5_data	.txt	18	NA	3	((((216_1:37,216_2:37):43,(212_3:35,211_4:34):41):45,((216_3:30,216_4:30):43,(216_5:32,216_6:32):41):52):52,((((216_7:1,216_8:1):37,216_9:39):48,(216_10:34,216_11:34):53):46,((216_12:38,(216_13:2,216_14:2):35):46,((216_15:3,216_16:3):35,(216_17:4,216_18:4):34):45):49):44);
90	s5_c6_data	.txt	4	NA	3	(((216_1:14,216_2:14):96,(216_3:18,216_4:18):92):84,104_2:84);
91	s5_c7_data	.txt	47	NA	3	(((((216_1:40,216_2:40):48,(216_3:21,216_4:21):67):62,((216_5:42,216_6:42):49,((216_7:1,216_8:1):42,216_9:44):47):59):42,((((216_10:8,216_11:8):39,(216_12:14,216_13:14):33):46,((216_14:10,216_15:10):37,(216_16:11,216_17:11):36):46):58,((216_18:40,216_19:40):63,(209_19:29,215_20:35):67):49):40):19,(((((216_20:21,216_21:21):39,(216_22:17,216_23:17):43):46,((216_24:18,216_25:18):45,(216_26:19,216_27:19):44):43):44,((216_28:32,216_29:32):63,(216_30:47,216_31:47):48):56):43,((((216_32:13,216_33:13):39,(216_34:12,216_35:12):40):49,((216_36:11,216_37:11):41,(216_38:11,216_39:11):41):49):47,(((216_40:15,216_41:15):44,(216_42:21,216_43:21):38):45,((216_44:19,216_45:19):40,(216_46:19,216_47:19):40):45):44):45):17);
92	s5_c9_data	.txt	7	NA	3	(((216_1:30,216_2:30):48,(216_3:26,216_4:26):52):53,((216_5:28,216_6:28):55,216_7:84):48);
93	s6_c1_data	.txt	8	NA	3	((((216_1:30,216_2:30):48,(216_3:18,216_4:18):60):42,((216_5:24,216_6:24):50,(216_7:19,216_8:19):55):46):53,((144_5:1,144_6:1):50,145_5:53):51);
94	s6_c2_data	.txt	11	NA	3	(((144_1:27,144_2:27):40,(144_3:21,((216_1:0,216_2:0):41,(216_3:0,216_4:0):41):50):46):42,((144_5:11,(216_5:36,216_6:36):46):50,((216_7:34,216_8:34):48,(216_9:41,(216_10:6,216_11:6):34):41):50):48);
95	s6_c3_data	.txt	28	NA	3	(((((216_1:7,216_2:7):42,(216_3:13,216_4:13):36):45,((216_5:3,216_6:3):40,216_7:44):51):48,((216_8:53,(216_9:8,216_10:8):44):47,((216_11:0,216_12:0):54,(216_13:11,216_14:11):43):45):43):50,((((216_15:5,216_16:5):41,216_17:47):50,(216_18:54,(216_19:3,216_20:3):50):43):44,(((216_21:6,216_22:6):42,(216_23:1,216_24:1):47):47,((216_25:5,216_26:5):39,(216_27:6,216_28:6):38):51):45):52);
96	s7_c1_data	.txt	25	NA	3	(((((216_1:18,216_2:18):38,(216_3:19,216_4:19):37):51,((216_5:29,216_6:29):35,(216_7:26,216_8:26):38):43):45,(((216_9:16,216_10:16):42,(216_11:22,216_12:22):36):50,((216_13:31,216_14:31):39,(216_15:28,216_16:28):42):38):44):55,(((216_17:41,216_18:41):52,(216_19:39,216_20:39):54):53,((216_21:33,216_22:33):58,((216_23:3,216_24:3):38,216_25:42):49):55):62);
97	s7_c2_data	.txt	18	NA	3	(((((216_1:2,216_2:2):44,(216_3:2,216_4:2):44):43,((216_5:4,216_6:4):46,(216_7:12,216_8:12):38):39):48,((216_9:40,216_10:40):49,(216_11:36,216_12:36):53):49):39,((216_13:65,216_14:65):69,((216_15:22,216_16:22):55,(216_17:30,216_18:30):47):56):44);
98	s7_c3_data	.txt	34	NA	3	(((109_5:32,109_6:32):40,(((216_33:40,216_34:40):54,(193_21:18,194_21:19):53):45,(127_10:3,127_11:3):48):38):34,(((((216_1:20,216_2:20):31,(216_3:18,216_4:18):33):40,((216_5:8,216_6:8):40,(216_7:4,216_8:4):44):43):44,(((216_9:13,216_10:13):35,(216_11:15,216_12:15):33):45,((216_13:15,216_14:15):36,(216_15:12,216_16:12):39):42):42):38,((((216_17:24,216_18:24):29,(216_19:24,216_20:24):29):35,((216_21:14,216_22:14):36,(216_23:18,216_24:18):32):38):44,(((216_25:9,216_26:9):31,(216_27:5,216_28:5):35):41,((216_29:9,216_30:9):38,(216_31:15,216_32:15):32):34):51):41):37);
99	s7_c4_data	.txt	15	NA	3	((92_1:20,92_2:20):42,((((216_1:7,216_2:7):41,(216_3:9,216_4:9):39):46,((216_5:3,216_6:3):44,(216_7:5,216_8:5):42):47):45,(((216_9:1,216_10:1):41,216_11:43):48,((216_12:4,216_13:4):39,(216_14:2,216_15:2):41):47):49):44);
100	s7_c5_data	.txt	15	NA	3	((((216_5:42,(216_6:0,216_7:0):41):57,((216_8:5,216_9:5):43,(216_10:8,216_11:8):40):50):69,(190_10:80,((216_12:7,216_13:7):48,(216_14:10,216_15:10):45):49):63):44,(((216_1:28,216_2:28):43,(216_3:29,216_4:29):42):94,(186_3:63,193_5:70):73):47);
101	s7_c6_data	.txt	6	NA	3	(((216_1:62,216_2:62):91,(216_3:67,216_4:67):86):60,((216_5:56,216_6:56):104,104_4:49):53);
102	s7_c7_data	.txt	10	NA	3	((((216_1:15,216_2:15):58,216_3:74):53,((216_4:10,216_5:10):60,(216_6:0,216_7:0):70):56):60,(((216_8:1,216_9:1):63,216_10:65):57,(194_7:41,200_7:47):59):65);
103	s8_c1_data	.txt	12	NA	3	(((216_1:47,216_2:47):94,((216_3:12,216_4:12):45,(216_5:7,216_6:7):50):83):46,(((216_7:17,216_8:17):57,(216_9:21,216_10:21):53):63,(216_11:18,216_12:18):120):49);
104	s8_c2_data	.txt	10	NA	3	(((130_1:21,131_1:22):53,((216_1:38,216_2:38):56,(216_3:33,216_4:33):61):65):46,(((216_5:14,216_6:14):58,(216_7:17,216_8:17):55):81,((205_9:15,205_10:15):55,(216_9:24,216_10:24):57):72):52);
105	s8_c3_data	.txt	17	NA	3	(((((216_1:12,216_2:12):41,(216_3:13,216_4:13):40):46,((216_5:7,216_6:7):46,(216_7:8,216_8:8):45):46):52,(((216_9:2,216_10:2):43,216_11:46):45,((216_12:1,216_13:1):41,(216_14:0,216_15:0):42):48):61):53,(((206_11:35,216_16:45):52,(215_16:45,216_17:46):51):61,(149_7:31,151_7:33):61):47);
106	s8_c4_data	.txt	20	NA	3	((((216_1:30,216_2:30):56,(216_3:32,216_4:32):54):52,((216_5:25,216_6:25):49,(216_7:26,216_8:26):48):64):42,(((216_9:38,(216_10:1,216_11:1):36):45,((216_12:1,216_13:1):40,(216_14:5,216_15:5):36):41):57,(((216_16:0,216_17:0):38,216_18:39):46,(216_19:15,216_20:15):70):55):40);
107	s8_c5_data	.txt	35	NA	3	(((((216_1:20,216_2:20):51,(216_3:28,216_4:28):43):52,((216_5:41,(216_6:4,216_7:4):36):38,(216_8:37,(216_9:1,216_10:1):35):42):44):43,(((216_11:5,216_12:5):50,(216_13:10,216_14:10):45):52,((216_15:3,216_16:3):50,216_17:54):54):59):45,((((216_18:30,216_19:30):43,(216_20:33,216_21:33):40):50,((216_22:19,216_23:19):49,(216_24:21,216_25:21):47):55):50,(((216_26:36,216_27:36):38,(216_28:23,216_29:23):51):52,(((216_30:0,216_31:0):37,(216_32:4,216_33:4):33):37,(216_34:32,216_35:32):43):51):47):38);
108	s8_c6_data	.txt	32	NA	3	(((((216_1:11,216_2:11):33,(216_3:10,216_4:10):34):45,((216_5:3,216_6:3):40,(216_7:4,216_8:4):39):46):46,(((216_9:7,216_10:7):37,(216_11:9,216_12:9):35):42,((216_13:5,216_14:5):36,(216_15:2,216_16:2):39):45):49):44,((((216_17:12,216_18:12):36,(216_19:12,216_20:12):36):42,((216_21:7,216_22:7):40,(216_23:15,216_24:15):32):43):47,(((216_25:18,216_26:18):33,(216_27:11,216_28:11):40):40,((216_29:13,216_30:13):39,(216_31:14,216_32:14):38):39):46):42);
109	s9_c1_data	.txt	22	NA	3	(((((216_1:9,216_2:9):63,(216_3:22,216_4:22):50):35,((211_5:16,209_6:14):42,(216_5:24,216_6:24):39):44):45,(((216_7:19,216_8:19):43,(216_9:25,216_10:25):37):43,((216_11:21,216_12:21):38,(216_13:21,216_14:21):38):46):47):54,(116_5:52,(((216_15:25,216_16:25):39,(216_17:21,216_18:21):43):40,((216_19:29,216_20:29):36,(216_21:30,216_22:30):35):39):45):57);
110	s9_c2_data	.txt	20	NA	3	((((216_1:37,216_2:37):53,(216_3:38,216_4:38):52):57,(((216_5:11,216_6:11):35,(216_7:2,216_8:2):44):49,((216_9:6,216_10:6):42,(216_11:6,216_12:6):42):47):51):57,(((216_13:16,216_14:16):64,(216_15:0,216_16:0):80):61,((216_17:22,216_18:22):61,(216_19:31,216_20:31):52):58):63);
111	s9_c3_data	.txt	34	NA	3	(((((216_1:30,216_2:30):44,(216_3:29,216_4:29):45):42,((216_5:28,216_6:28):40,(216_7:20,216_8:20):48):48):56,(((216_9:30,216_10:30):49,((216_11:6,216_12:6):35,(216_13:7,216_14:7):34):37):45,((216_15:30,216_16:30):49,(216_17:28,216_18:28):51):45):48):39,((((216_19:37,216_20:37):45,(216_21:34,216_22:34):48):48,((216_23:36,216_24:36):42,(216_25:26,216_26:26):52):52):44,(((216_27:40,216_28:40):44,(216_29:42,216_30:42):42):48,((216_31:30,216_32:30):50,(216_33:27,216_34:27):53):52):42):37);
112	s9_c4_data	.txt	31	NA	3	(((((216_1:38,216_2:38):46,(216_3:45,(216_5:3,216_4:3):41):39):49,(((216_6:4,216_7:4):42,(216_8:3,216_9:3):43):39,((216_10:1,216_11:1):42,(216_12:4,216_13:4):39):42):47):47,((190_9:42,194_9:46):54,164_7:71):59):31,((((216_14:35,216_15:35):45,(216_16:37,216_17:37):43):53,((216_18:23,216_19:23):52,(216_20:36,216_21:36):39):58):45,(((216_22:32,216_23:32):52,(216_24:31,216_25:31):53):50,((216_26:36,216_27:36):51,((216_28:2,216_29:2):37,(216_30:0,216_31:0):39):47):47):44):33);
113	s9_c5_data	.txt	30	NA	3	(((((216_1:7,216_2:7):46,(216_3:9,216_4:9):44):55,((216_5:23,216_6:23):39,(216_7:19,216_8:19):43):46):60,(((216_9:9,216_10:9):41,(216_11:4,216_12:4):46):54,((216_13:2,216_14:2):44,216_15:47):58):64):43,((((216_16:0,216_17:0):49,216_18:50):65,((216_19:10,216_20:10):42,(216_21:12,216_22:12):40):62):53,(((216_23:31,216_24:31):36,(216_25:24,216_26:24):43):44,((216_27:23,216_28:23):36,(216_29:23,216_30:23):36):52):56):44);
114	s9_c6_data	.txt	4	NA	3	(132_1:78,((216_1:32,216_2:32):39,(216_3:30,216_4:30):41):89);
